query,error,timestamp,profilePictureUrl,username,profileUrl,comment,likeCount,replyCount,commentDate,commentId,ownerId
https://www.instagram.com/p/Cs20Fd_uSvJ/,No comments found,2023-10-20T14:37:13.463Z,,,,,,,,,
https://www.instagram.com/p/Ct2-EZJt7bE/,,2023-10-20T14:37:25.860Z,https://scontent.cdninstagram.com/v/t51.2885-19/369690809_338821135151942_6185897138738712912_n.jpg?stp=dst-jpg_s150x150&_nc_ht=scontent.cdninstagram.com&_nc_cat=102&_nc_ohc=AN5FU7zJWbEAX82yadW&edm=APs17CUBAAAA&ccb=7-5&oh=00_AfChG1LNs4YkvNPbv0MpAeV80Uj5-6ooRO15oKH7bxuyBw&oe=6536D73B&_nc_sid=10d13b,swizzyinsg,https://www.instagram.com/swizzyinsg,Look great!‚ò∫Ô∏è,1,0,2023-06-24T06:18:46.000Z,17996251702827411,57631844837
https://www.instagram.com/p/Cyi8Q4RPMyI/,No comments found,2023-10-20T14:37:38.520Z,,,,,,,,,
https://www.instagram.com/p/CyfFoKeuczb/,No comments found,2023-10-20T14:37:45.625Z,,,,,,,,,
https://www.instagram.com/p/CyZ7-qIOv6u/,No comments found,2023-10-20T14:37:52.665Z,,,,,,,,,
https://www.instagram.com/p/CyVRXDqOmHw/,No comments found,2023-10-20T14:37:59.512Z,,,,,,,,,
https://www.instagram.com/p/CyPo0z-uIFk/,No comments found,2023-10-20T14:38:06.467Z,,,,,,,,,
https://www.instagram.com/p/CyNUN7lyENA/,No comments found,2023-10-20T14:38:14.010Z,,,,,,,,,
https://www.instagram.com/p/CyLFBo-Sf3E/,,2023-10-20T14:38:25.918Z,https://scontent.cdninstagram.com/v/t51.2885-19/292680770_762311378244048_8477684014149281008_n.jpg?stp=dst-jpg_s150x150&_nc_ht=scontent.cdninstagram.com&_nc_cat=100&_nc_ohc=00kiXJnXh8QAX-7jclS&edm=APs17CUBAAAA&ccb=7-5&oh=00_AfBaSMmbMMT5x8ZYeR0VYAj_eSgAEtcoz1G0dRwEr_hK5A&oe=6536F67A&_nc_sid=10d13b,anna_m_gabriel,https://www.instagram.com/anna_m_gabriel,@keanununissg1754p ‚Ä¶Let‚Äôs go there tomorrow to celebrate ‚Ä¶,0,0,2023-10-09T09:48:47.000Z,17987924543377467,4310542591
https://www.instagram.com/p/CyDYSOYSHRB/,No comments found,2023-10-20T14:38:38.377Z,,,,,,,,,
https://www.instagram.com/p/CyAMBLxyBhK/,,2023-10-20T14:38:50.279Z,https://scontent.cdninstagram.com/v/t51.2885-19/346220926_769382994801967_3857796157393996848_n.jpg?stp=dst-jpg_s150x150&_nc_ht=scontent.cdninstagram.com&_nc_cat=107&_nc_ohc=00XWYyLFKUMAX_NIgBj&edm=APs17CUBAAAA&ccb=7-5&oh=00_AfDeVaGEuyXOKTe-V6RUdYY1vXtUurgxG7NWgdwLYd2a6A&oe=65383568&_nc_sid=10d13b,tomatojouce,https://www.instagram.com/tomatojouce,@12andone let‚Äôs goü§∞,3,1,2023-10-06T12:16:24.000Z,17898147572809389,5941552310
https://www.instagram.com/p/Cx7CblbSaZb/,No comments found,2023-10-20T14:39:02.928Z,,,,,,,,,
https://www.instagram.com/p/CxUfcOASg8m/,No comments found,2023-10-20T14:39:10.227Z,,,,,,,,,
https://www.instagram.com/p/CxMu7eDyDPZ/,,2023-10-20T14:39:22.648Z,https://scontent.cdninstagram.com/v/t51.2885-19/328498279_740536950616598_4557395257952072685_n.jpg?stp=dst-jpg_s150x150&_nc_ht=scontent.cdninstagram.com&_nc_cat=102&_nc_ohc=GaBJDdrGTRYAX-fiYDM&edm=APs17CUBAAAA&ccb=7-5&oh=00_AfBH6kkeXp9EU-N0Y4DuRpkWz_EQOBXS5vjieVJ_km5XMw&oe=65375759&_nc_sid=10d13b,makan.tour.yuk,https://www.instagram.com/makan.tour.yuk,‚ù§Ô∏è‚ù§Ô∏è‚ù§Ô∏èwow,0,0,2023-09-16T01:45:58.000Z,18261360685161522,53852605942
https://www.instagram.com/p/CxMu7eDyDPZ/,,2023-10-20T14:39:22.648Z,https://scontent.cdninstagram.com/v/t51.2885-19/356054338_1293323357932183_4860730370638613702_n.jpg?stp=dst-jpg_s150x150&_nc_ht=scontent.cdninstagram.com&_nc_cat=107&_nc_ohc=wxRyD9xCgi0AX8_XBbp&edm=APs17CUBAAAA&ccb=7-5&oh=00_AfCkvJv1cLQ8YAl2fvHLmQopnMEJPnj9ageYKk8d5bFGPw&oe=65376DC7&_nc_sid=10d13b,elloelly_,https://www.instagram.com/elloelly_,üòçüòçüòç,0,0,2023-09-15T11:48:22.000Z,18286656034179029,39656875164
https://www.instagram.com/p/CxMu7eDyDPZ/,,2023-10-20T14:39:22.648Z,https://scontent.cdninstagram.com/v/t51.2885-19/241700359_1709001382630814_2838816134318266785_n.jpg?stp=dst-jpg_s150x150&_nc_ht=scontent.cdninstagram.com&_nc_cat=102&_nc_ohc=YVoh8bOyit4AX-CcMg3&edm=APs17CUBAAAA&ccb=7-5&oh=00_AfBeNtG2jkPXaCi3s2nz4OyTgCawKSEXfGpQMb9sOSgKtQ&oe=65381FC9&_nc_sid=10d13b,julypancakes,https://www.instagram.com/julypancakes,!!,0,0,2023-09-15T06:09:24.000Z,17995907492175254,246181621
https://www.instagram.com/p/CxHigrySe-8/,,2023-10-20T14:39:40.148Z,https://scontent.cdninstagram.com/v/t51.2885-19/328498279_740536950616598_4557395257952072685_n.jpg?stp=dst-jpg_s150x150&_nc_ht=scontent.cdninstagram.com&_nc_cat=102&_nc_ohc=GaBJDdrGTRYAX_nqmck&edm=APs17CUBAAAA&ccb=7-5&oh=00_AfCTvNgIcGb7OgmvCcT2QH4B_tuyEm_kUYH3dmc6jzd2_A&oe=65375759&_nc_sid=10d13b,makan.tour.yuk,https://www.instagram.com/makan.tour.yuk,üî•wow üç®,0,0,2023-09-16T13:49:39.000Z,17907452927822995,53852605942
https://www.instagram.com/p/CxHigrySe-8/,,2023-10-20T14:39:40.148Z,https://scontent.cdninstagram.com/v/t51.2885-19/337552145_183377234015715_5561310347377845842_n.jpg?stp=dst-jpg_s150x150&_nc_ht=scontent.cdninstagram.com&_nc_cat=103&_nc_ohc=Kn3lCofXy9AAX-VWXds&edm=APs17CUBAAAA&ccb=7-5&oh=00_AfBijxCnUyZcqCOeltp6m3M5R61XUZhmKe1A-B_17tNe7A&oe=6537B826&_nc_sid=10d13b,miracle82,https://www.instagram.com/miracle82,@emaylye,0,1,2023-09-14T10:17:16.000Z,18121044511311386,4747294
https://www.instagram.com/p/CxBE55eSA25/,,2023-10-20T14:39:58.348Z,https://scontent.cdninstagram.com/v/t51.2885-19/386240952_284062707779069_4118047414465079166_n.jpg?stp=dst-jpg_s150x150&_nc_ht=scontent.cdninstagram.com&_nc_cat=105&_nc_ohc=iqHK4rdATzoAX_mTRkv&edm=APs17CUBAAAA&ccb=7-5&oh=00_AfBL9Au-CVx0gLw5Z9QDD4jjIpgK2-nA5JYxQrYHtBjx7A&oe=653763FA&_nc_sid=10d13b,chiaksimi,https://www.instagram.com/chiaksimi,Yummy,0,0,2023-09-10T16:12:36.000Z,17888079815841951,44417255492
https://www.instagram.com/p/Cw9PVpRS_9p/,No comments found,2023-10-20T14:40:10.462Z,,,,,,,,,
https://www.instagram.com/p/Cw2BEpvO-_M/,,2023-10-20T14:40:22.917Z,https://scontent.cdninstagram.com/v/t51.2885-19/346220926_769382994801967_3857796157393996848_n.jpg?stp=dst-jpg_s150x150&_nc_ht=scontent.cdninstagram.com&_nc_cat=107&_nc_ohc=00XWYyLFKUMAX_nhI0p&edm=APs17CUBAAAA&ccb=7-5&oh=00_AfDG-F47yuEUXLoa0r4vnfiVQ9T8-4-s2E3Y7oWWr-q54w&oe=65383568&_nc_sid=10d13b,tomatojouce,https://www.instagram.com/tomatojouce,Tomato monster!,0,0,2023-09-06T09:54:55.000Z,18009222199767967,5941552310
https://www.instagram.com/p/CwtylERSN6Q/,,2023-10-20T14:40:40.489Z,https://scontent.cdninstagram.com/v/t51.2885-19/331362051_3511706342381710_1756525211983415895_n.jpg?stp=dst-jpg_s150x150&_nc_ht=scontent.cdninstagram.com&_nc_cat=110&_nc_ohc=aJyLPLMLNTcAX-jUQhK&edm=APs17CUBAAAA&ccb=7-5&oh=00_AfBoI4lZ0Tst1lQ0xnYP9scwlxxJlBEXlCcRKXyE5mGPTA&oe=6536E639&_nc_sid=10d13b,sherminwu,https://www.instagram.com/sherminwu,Pls restock sesame tang yuan at toa payoh outlet so i can stock them up pls (i want to self pickup there),0,0,2023-09-03T10:49:42.000Z,18044797705495708,11695712
https://www.instagram.com/p/CwtylERSN6Q/,,2023-10-20T14:40:40.489Z,https://scontent.cdninstagram.com/v/t51.2885-19/73319016_630921117440746_3023157849644597248_n.jpg?stp=dst-jpg_s150x150&_nc_ht=scontent.cdninstagram.com&_nc_cat=110&_nc_ohc=SR36H6-gkmMAX8qY57d&edm=APs17CUBAAAA&ccb=7-5&oh=00_AfAVu2-zzZ9VyvHUlzqhFTSSSVgQ6Sjres0Tx-eviePb4A&oe=6538171E&_nc_sid=10d13b,jonathanyuen,https://www.instagram.com/jonathanyuen,üòçüòçüòç,1,0,2023-09-03T09:55:36.000Z,17854648586998412,825734
https://www.instagram.com/p/CwtylERSN6Q/,,2023-10-20T14:40:40.489Z,https://scontent.cdninstagram.com/v/t51.2885-19/358786811_785943903308273_2775390043581453719_n.jpg?stp=dst-jpg_s150x150&_nc_ht=scontent.cdninstagram.com&_nc_cat=105&_nc_ohc=S7VQKJSPwA0AX9XKZzo&edm=APs17CUBAAAA&ccb=7-5&oh=00_AfAbhARhzXL44FiJJKYt4ALRweWiDwt4DK3OC5zh8g7sKQ&oe=653864A2&_nc_sid=10d13b,lim_chloe,https://www.instagram.com/lim_chloe,Pls restock Putu Piring and Earl Grey Lychee pints,0,0,2023-09-04T07:21:57.000Z,17977943531306052,630501022
https://www.instagram.com/p/CwtylERSN6Q/,,2023-10-20T14:40:40.489Z,https://scontent.cdninstagram.com/v/t51.2885-19/73172485_2709971949064615_1091833029409636352_n.jpg?stp=dst-jpg_s150x150&_nc_ht=scontent.cdninstagram.com&_nc_cat=107&_nc_ohc=Sg_FPXD2txoAX9pozgy&edm=APs17CUBAAAA&ccb=7-5&oh=00_AfDzLMoPPMve0S5Qmu6Qr9pKf7UnBj5rEh8WJIXPEe_PCA&oe=6538195D&_nc_sid=10d13b,jinister,https://www.instagram.com/jinister,Triple plain ole chocolate üü§üü§üü§,1,0,2023-09-03T09:20:08.000Z,17988663836253839,230311503
https://www.instagram.com/p/CwtylERSN6Q/,,2023-10-20T14:40:40.489Z,https://scontent.cdninstagram.com/v/t51.2885-19/308907488_150263680679833_7568505067559662425_n.jpg?stp=dst-jpg_s150x150&_nc_ht=scontent.cdninstagram.com&_nc_cat=101&_nc_ohc=Z0357wvyXPcAX_QU3fk&edm=APs17CUBAAAA&ccb=7-5&oh=00_AfClr5-SkzHf4n3_3WsojyoDW4PHy3EqfPwr0rGi9Us89w&oe=6537B7BA&_nc_sid=10d13b,atmjie,https://www.instagram.com/atmjie,Is sesame pint available at tpy outlet? I went a few times and it was never available in pint.,0,0,2023-09-04T03:36:59.000Z,18057114199415433,1012846079
https://www.instagram.com/p/CwtylERSN6Q/,,2023-10-20T14:40:40.489Z,https://scontent.cdninstagram.com/v/t51.2885-19/364947016_2214724658717542_3672582792031081254_n.jpg?stp=dst-jpg_s150x150&_nc_ht=scontent.cdninstagram.com&_nc_cat=110&_nc_ohc=wUagSq-64nsAX-dPhQC&edm=APs17CUBAAAA&ccb=7-5&oh=00_AfByZ-nZby3xug4y42vcTu8kSHOG9qcDsW9Jwql33YlD6A&oe=653721B0&_nc_sid=10d13b,lynnli.t_,https://www.instagram.com/lynnli.t_,üòçüòçüòçüòç,0,0,2023-09-04T14:54:27.000Z,17948481311677087,33868436
https://www.instagram.com/p/CwtylERSN6Q/,,2023-10-20T14:40:40.489Z,https://scontent.cdninstagram.com/v/t51.2885-19/205567285_828518611110383_195577629951435887_n.jpg?stp=dst-jpg_s150x150&_nc_ht=scontent.cdninstagram.com&_nc_cat=111&_nc_ohc=kRG7He0X5OgAX8hJPy6&edm=APs17CUBAAAA&ccb=7-5&oh=00_AfCRTVcA1ZOjMz1NEug4raBQASHYV-SsLyKGXVkITHvREg&oe=65376915&_nc_sid=10d13b,wenhui.loh,https://www.instagram.com/wenhui.loh,@sag.amber  pls wait for us to buy a pint to keep!!!,0,1,2023-09-03T07:18:09.000Z,17992715702182717,259693972
https://www.instagram.com/p/CwmEME0Sdh3/,No comments found,2023-10-20T14:40:52.852Z,,,,,,,,,
https://www.instagram.com/p/CwWxBDzS2S-/,,2023-10-20T14:41:04.852Z,https://scontent.cdninstagram.com/v/t51.2885-19/382702726_187605007619940_4000170150453840754_n.jpg?stp=dst-jpg_s150x150&_nc_ht=scontent.cdninstagram.com&_nc_cat=100&_nc_ohc=5oVgaw26v_cAX9_hmQP&edm=APs17CUBAAAA&ccb=7-5&oh=00_AfCBWW4995o4tUGldtITty0Um623EpY3PF2wkd1R2Uk_BA&oe=6537D6AA&_nc_sid=10d13b,manacrep_110,https://www.instagram.com/manacrep_110,Wowüî•dm it on @hello_.singapore,0,0,2023-08-25T05:25:41.000Z,17977096544442077,60860540109
https://www.instagram.com/p/CwULhdfqWks/,,2023-10-20T14:41:22.709Z,https://scontent.cdninstagram.com/v/t51.2885-19/59834514_2432915773598186_3452433427083558912_n.jpg?stp=dst-jpg_s150x150&_nc_ht=scontent.cdninstagram.com&_nc_cat=102&_nc_ohc=uTSKIDNz3OAAX9KnaEq&edm=APs17CUBAAAA&ccb=7-5&oh=00_AfClXQBDCYghivpEMTfNRXgA1XCwOBmQzATd_1c0qbazMg&oe=6537F126&_nc_sid=10d13b,sleehm95,https://www.instagram.com/sleehm95,it is sold out online,0,0,2023-08-27T07:19:43.000Z,17930609396738552,194727985
https://www.instagram.com/p/CwULhdfqWks/,,2023-10-20T14:41:22.709Z,https://scontent.cdninstagram.com/v/t51.2885-19/368560974_945530383180404_6613059172796298355_n.jpg?stp=dst-jpg_s150x150&_nc_ht=scontent.cdninstagram.com&_nc_cat=100&_nc_ohc=TTT_0FNn4LUAX8Nz6hQ&edm=APs17CUBAAAA&ccb=7-5&oh=00_AfANk33B1AS-0nV26xWvTI0aSxKUvw0_2jh0pG0FIImB2A&oe=6538748A&_nc_sid=10d13b,weijing_yvonne_,https://www.instagram.com/weijing_yvonne_,I tried and I like this flavour üòã,1,0,2023-08-25T05:05:10.000Z,17901651998770762,1620301909
https://www.instagram.com/p/CwULhdfqWks/,,2023-10-20T14:41:22.709Z,https://scontent.cdninstagram.com/v/t51.2885-19/80374640_607759676693748_9158415058844254208_n.jpg?stp=dst-jpg_s150x150&_nc_ht=scontent.cdninstagram.com&_nc_cat=100&_nc_ohc=oBWBMniP0YYAX9OIotG&edm=APs17CUBAAAA&ccb=7-5&oh=00_AfB7Cca2wP5PviwiO4QrxFpxUPOw2-7oDzsQ6wIfZRXmkQ&oe=6536B9D9&_nc_sid=10d13b,sklm2020,https://www.instagram.com/sklm2020,"Hi..for the heritage flavours,  could we order online and pick up from the outlet?",0,0,2023-08-24T06:21:17.000Z,18039212992473036,27634993610
https://www.instagram.com/p/CwJX8fCyYgQ/,,2023-10-20T14:41:40.097Z,https://scontent.cdninstagram.com/v/t51.2885-19/121459497_183575380003060_8045075783881961578_n.jpg?stp=dst-jpg_s150x150&_nc_ht=scontent.cdninstagram.com&_nc_cat=104&_nc_ohc=7oB_rQ2DyMgAX94VGe_&edm=APs17CUBAAAA&ccb=7-5&oh=00_AfCpcp-n4LhX1iWUmrG1Xyvy5IJSbhmpoM7W4hQLLRzqAw&oe=6536D8B0&_nc_sid=10d13b,thebreadnerd,https://www.instagram.com/thebreadnerd,RAINBOW BREAD,0,0,2023-08-20T01:42:21.000Z,17946088754679754,43322277564
https://www.instagram.com/p/Cv9nOu_S71r/,No comments found,2023-10-20T14:41:52.431Z,,,,,,,,,
https://www.instagram.com/p/Cv4ZTf9r8H0/,,2023-10-20T14:41:59.452Z,https://scontent-ams2-1.cdninstagram.com/v/t51.2885-19/190147756_1174878899618910_1351611814400344976_n.jpg?stp=dst-jpg_s150x150&_nc_ht=scontent-ams2-1.cdninstagram.com&_nc_cat=106&_nc_ohc=thM14r5rjD0AX8feF83&edm=AId3EpQBAAAA&ccb=7-5&oh=00_AfBZQuMFIt2ATHpUCx71Ik99U6XrD6L6jkda40aQ4KV3tw&oe=65376063&_nc_sid=f5838a,pinklettuce13,https://www.instagram.com/pinklettuce13,Hi what are the timings and details pls,0,0,2023-08-15T12:54:00.000Z,18034416988534185,12603036
https://www.instagram.com/p/Cv4ZTf9r8H0/,,2023-10-20T14:41:59.452Z,https://instagram.fgzt3-2.fna.fbcdn.net/v/t51.2885-19/44884218_345707102882519_2446069589734326272_n.jpg?_nc_ht=instagram.fgzt3-2.fna.fbcdn.net&_nc_cat=1&_nc_ohc=RL4se8fak_MAX_iWKaR&edm=AMip7Z8BAAAA&ccb=7-5&ig_cache_key=YW5vbnltb3VzX3Byb2ZpbGVfcGlj.2-ccb7-5&oh=00_AfCwYYaWt5EEMA7HAI37UsHjN26gy7oweOUbH4RGUoYgQQ&oe=6537D14F&_nc_sid=157c6b,nailya61,https://www.instagram.com/nailya61,Hi where is the starting point please. To collect map and start with a child,0,0,2023-08-18T05:16:21.000Z,17993516222293454,56529407745
https://www.instagram.com/p/Cv1K4OPuRqt/,No comments found,2023-10-20T14:42:12.073Z,,,,,,,,,
https://www.instagram.com/p/CvtT3vcSL2p/,,2023-10-20T14:42:23.958Z,https://scontent.cdninstagram.com/v/t51.2885-19/359149454_304837121962747_7394118144995284960_n.jpg?stp=dst-jpg_s150x150&_nc_ht=scontent.cdninstagram.com&_nc_cat=107&_nc_ohc=x3mI6MlNW-0AX-9lLwp&edm=APs17CUBAAAA&ccb=7-5&oh=00_AfCnwyR6ubRKd1tuNEuy9I-0QFsDiYQmCwXiEL0voXUP_w&oe=653761D4&_nc_sid=10d13b,singapore.biz.journal,https://www.instagram.com/singapore.biz.journal,Kindly check your dm,0,0,2023-08-09T13:55:58.000Z,17970672332527880,60456531135
https://www.instagram.com/p/CvtT3vcSL2p/,,2023-10-20T14:42:23.958Z,https://scontent.cdninstagram.com/v/t51.2885-19/119044240_647788725941874_5319258082811046641_n.jpg?stp=dst-jpg_s150x150&_nc_ht=scontent.cdninstagram.com&_nc_cat=106&_nc_ohc=DFzJHQCz0msAX98hQHT&edm=APs17CUBAAAA&ccb=7-5&oh=00_AfCP6_CMh2yHTyVobNTj3VYcB-Sc2Uz2Bfs8Qo1f9mGZHQ&oe=65375FB1&_nc_sid=10d13b,niccorli,https://www.instagram.com/niccorli,‚ù§Ô∏èü§ç,1,0,2023-08-09T04:16:54.000Z,17847909030032097,421097145
https://www.instagram.com/p/CvoRH07yfHO/,,2023-10-20T14:42:41.508Z,https://scontent.cdninstagram.com/v/t51.2885-19/386240952_284062707779069_4118047414465079166_n.jpg?stp=dst-jpg_s150x150&_nc_ht=scontent.cdninstagram.com&_nc_cat=105&_nc_ohc=iqHK4rdATzoAX8pLdqR&edm=APs17CUBAAAA&ccb=7-5&oh=00_AfCnxsruwF39JSJPkClZdkE2f0AceWjikeVIhZ-Cqhqw4Q&oe=653763FA&_nc_sid=10d13b,chiaksimi,https://www.instagram.com/chiaksimi,Yummy,2,0,2023-08-07T06:09:26.000Z,18196085203302031,44417255492
https://www.instagram.com/p/CvlsVD9yfvU/,,2023-10-20T14:42:58.885Z,https://scontent.cdninstagram.com/v/t51.2885-19/386240952_284062707779069_4118047414465079166_n.jpg?stp=dst-jpg_s150x150&_nc_ht=scontent.cdninstagram.com&_nc_cat=105&_nc_ohc=iqHK4rdATzoAX9pDOxf&edm=APs17CUBAAAA&ccb=7-5&oh=00_AfCJ3z485HWZa7gXGfMO5Fljz2_jqTpJVN2Fs4jwjtzKaA&oe=653763FA&_nc_sid=10d13b,chiaksimi,https://www.instagram.com/chiaksimi,Happy Sunday!,2,1,2023-08-06T05:13:49.000Z,17975813342431638,44417255492
https://www.instagram.com/p/CvjHlVPyOxt/,,2023-10-20T14:43:16.442Z,https://scontent.cdninstagram.com/v/t51.2885-19/80467813_554031465194458_3537449869461422080_n.jpg?stp=dst-jpg_s150x150&_nc_ht=scontent.cdninstagram.com&_nc_cat=110&_nc_ohc=o4vAZtZ2Y0QAX-u0evR&edm=APs17CUBAAAA&ccb=7-5&oh=00_AfAKMSlCd2PJknOBBmTEa2xgHkgzDkhPOsNbjBzi5AeBCQ&oe=6536D2E0&_nc_sid=10d13b,dryopencloud,https://www.instagram.com/dryopencloud,What time are you opening tomorrow?üòç,0,0,2023-08-05T04:14:05.000Z,17993074490317465,25289468
https://www.instagram.com/p/CvjHlVPyOxt/,,2023-10-20T14:43:16.442Z,https://scontent.cdninstagram.com/v/t51.2885-19/18809484_1377716558980054_6083682623433998336_a.jpg?stp=dst-jpg_s150x150&_nc_ht=scontent.cdninstagram.com&_nc_cat=110&_nc_ohc=6XrzjSV-09cAX8qZytC&edm=APs17CUBAAAA&ccb=7-5&oh=00_AfAaMPkoueRe9mYgB-Ogl8k3FEhrYWLmltFyZt68vZkF4g&oe=65384BFE&_nc_sid=10d13b,laprim3ver6,https://www.instagram.com/laprim3ver6,Do you have white rabbit flavour?,0,0,2023-08-05T05:12:51.000Z,18021834628572834,3086688
https://www.instagram.com/p/Cvd969QypYE/,,2023-10-20T14:43:33.934Z,https://scontent.cdninstagram.com/v/t51.2885-19/337635399_951152499376305_4286391092928530640_n.jpg?stp=dst-jpg_s150x150&_nc_ht=scontent.cdninstagram.com&_nc_cat=109&_nc_ohc=ozxS_x5BSaQAX82aiGn&edm=APs17CUBAAAA&ccb=7-5&oh=00_AfC4tun_KxFk0hbdTAbjgWb2GkBaV5UZgQ3VLVqVsH4cXA&oe=6537F9C4&_nc_sid=10d13b,onlycaifan,https://www.instagram.com/onlycaifan,"Hi, will all three be available at the same time in stall? Looking at the east coast road branch",0,1,2023-08-03T11:38:54.000Z,18231799252171186,587583804
https://www.instagram.com/p/Cvd969QypYE/,,2023-10-20T14:43:33.934Z,https://scontent.cdninstagram.com/v/t51.2885-19/53586727_2075139122604553_789619970613968896_n.jpg?stp=dst-jpg_s150x150&_nc_ht=scontent.cdninstagram.com&_nc_cat=101&_nc_ohc=WEiHocYyymsAX8bCZG-&edm=APs17CUBAAAA&ccb=7-5&oh=00_AfBDU2xLfkYt-MtVmA2-KviuaU0EqamsjrkZy039sT4mGQ&oe=6536F0D4&_nc_sid=10d13b,mummyprissy,https://www.instagram.com/mummyprissy,Will you ever made the good old attap seed ?,1,1,2023-08-03T07:56:59.000Z,17960955146618300,481775312
https://www.instagram.com/p/Cvd969QypYE/,,2023-10-20T14:43:33.934Z,https://scontent.cdninstagram.com/v/t51.2885-19/32547243_2094353330837208_6232101673683124224_n.jpg?stp=dst-jpg_s150x150&_nc_ht=scontent.cdninstagram.com&_nc_cat=100&_nc_ohc=p5TRGFfU4bEAX9NO_XG&edm=APs17CUBAAAA&ccb=7-5&oh=00_AfDvcc2FDncJ7JJkm0flJcP8D0MufJN6b920j_Sw9Zi1PQ&oe=6537CF3E&_nc_sid=10d13b,w3iy3n,https://www.instagram.com/w3iy3n,Is this available for dine in at Northshore? üòã,1,1,2023-08-03T11:05:03.000Z,18017166523675056,770881
https://www.instagram.com/p/Cvd969QypYE/,,2023-10-20T14:43:33.934Z,https://scontent.cdninstagram.com/v/t51.2885-19/64491006_469389020272136_3539473052460908544_n.jpg?stp=dst-jpg_s150x150&_nc_ht=scontent.cdninstagram.com&_nc_cat=108&_nc_ohc=6bnn6wT5wC0AX891M7l&edm=APs17CUBAAAA&ccb=7-5&oh=00_AfAO04gFaiy2hXgt3jZAfi15gOqH1cGqfC04dJbsD0d_0w&oe=653806C3&_nc_sid=10d13b,creamier_sg,https://www.instagram.com/creamier_sg,"P.S. Thank you for showing these flavours so much love! We're producing more pints as we have sold out on our online store due to popular demand.

For delivery orders: our next earliest delivery fulfilment date will be 14th August 2023!

For walk-in pickup: Our outlets still have low quantities for walk-in purchase, do call the outlet of your choice ahead to check on availabilities!",2,0,2023-08-03T10:23:02.000Z,17986935509332558,284760280
https://www.instagram.com/p/Cvd969QypYE/,,2023-10-20T14:43:33.934Z,https://scontent.cdninstagram.com/v/t51.2885-19/381178177_690191919286505_5632776037663419152_n.jpg?stp=dst-jpg_s150x150&_nc_ht=scontent.cdninstagram.com&_nc_cat=105&_nc_ohc=Y23VXgDiu94AX8Qb290&edm=APs17CUBAAAA&ccb=7-5&oh=00_AfCBKW83JkDuBkM6IGUocFhs1Z-2EEI8OG66UvlkemAdYA&oe=6536E358&_nc_sid=10d13b,juls.makan.adventure,https://www.instagram.com/juls.makan.adventure,üî•,0,0,2023-08-05T05:19:05.000Z,17994644128944537,31465232930
https://www.instagram.com/p/Cvd969QypYE/,,2023-10-20T14:43:33.934Z,https://scontent.cdninstagram.com/v/t51.2885-19/159342010_909481243153364_579333773438159270_n.jpg?stp=dst-jpg_s150x150&_nc_ht=scontent.cdninstagram.com&_nc_cat=108&_nc_ohc=Hvcr4aUMaFQAX-Rj5md&edm=APs17CUBAAAA&ccb=7-5&oh=00_AfDWo5fELqrknFG7Y0h-frMmrgZQxTtRHoStGZ-79Hz4wg&oe=653858BC&_nc_sid=10d13b,hurrikane94,https://www.instagram.com/hurrikane94,‚ù§Ô∏è,1,0,2023-08-05T16:11:15.000Z,18007805725873185,474346116
https://www.instagram.com/p/Cvd969QypYE/,,2023-10-20T14:43:33.934Z,https://scontent.cdninstagram.com/v/t51.2885-19/11326307_114701075547455_811058962_a.jpg?_nc_ht=scontent.cdninstagram.com&_nc_cat=111&_nc_ohc=ZOFFNt1XawEAX8B8qyN&edm=APs17CUBAAAA&ccb=7-5&oh=00_AfBR3f1RDyw5ln2gKFuaXIhseK86WGSPXH_P9dsR-33dlQ&oe=65375BD7&_nc_sid=10d13b,myrene_b,https://www.instagram.com/myrene_b,‚ù§Ô∏è,0,0,2023-08-03T13:11:47.000Z,17864051243976346,279362031
https://www.instagram.com/p/Cvd969QypYE/,,2023-10-20T14:43:33.934Z,https://scontent.cdninstagram.com/v/t51.2885-19/19121659_1840735192921761_4605743351352786944_a.jpg?stp=dst-jpg_s150x150&_nc_ht=scontent.cdninstagram.com&_nc_cat=109&_nc_ohc=i16Yf0GxuSgAX-ewjXa&edm=APs17CUBAAAA&ccb=7-5&oh=00_AfAWF92WO5NpRzbR-_ZWACGsRKhMg97ptsRA-7MFMbuwhQ&oe=65377885&_nc_sid=10d13b,yeojdnayeok,https://www.instagram.com/yeojdnayeok,@strangedillies @sallychua28 @chew_adeline @karayteo @karenleehc @estherseah23,0,0,2023-08-03T15:11:52.000Z,18038704654512114,9781976
https://www.instagram.com/p/Cvd969QypYE/,,2023-10-20T14:43:33.934Z,https://scontent.cdninstagram.com/v/t51.2885-19/11312530_852390658189711_933470733_a.jpg?_nc_ht=scontent.cdninstagram.com&_nc_cat=107&_nc_ohc=0Nj18FJTo3oAX_UvYCj&edm=APs17CUBAAAA&ccb=7-5&oh=00_AfAyqcZs77yL3VqOqeMBotEzxYKHF6qoHV_mv4RA5VNoGg&oe=6537035E&_nc_sid=10d13b,kit_sim,https://www.instagram.com/kit_sim,@klara_sim,0,0,2023-08-05T11:14:03.000Z,17968211117364437,180472398
https://www.instagram.com/p/CvY6MwcsHhB/,,2023-10-20T14:43:51.620Z,https://scontent.cdninstagram.com/v/t51.2885-19/297689869_1285336001999974_456704424356693130_n.jpg?stp=dst-jpg_s150x150&_nc_ht=scontent.cdninstagram.com&_nc_cat=110&_nc_ohc=dAl9hAHLewIAX9fcihm&edm=APs17CUBAAAA&ccb=7-5&oh=00_AfAnAuWtXwkmYsW_4R1d_y6yPGFLze0UWcLaouLUjJJUMg&oe=65371C4D&_nc_sid=10d13b,kellynology,https://www.instagram.com/kellynology,Is this flavour available at all outlets?,0,1,2023-08-04T08:15:57.000Z,18229831198236397,1478043
https://www.instagram.com/p/CvY6MwcsHhB/,,2023-10-20T14:43:51.620Z,https://scontent.cdninstagram.com/v/t51.2885-19/73319016_630921117440746_3023157849644597248_n.jpg?stp=dst-jpg_s150x150&_nc_ht=scontent.cdninstagram.com&_nc_cat=110&_nc_ohc=SR36H6-gkmMAX_VhfrJ&edm=APs17CUBAAAA&ccb=7-5&oh=00_AfC1sPDMZJFkOGIvCa4b6J0dWjGEYuium2D4uiewCiIsnA&oe=6538171E&_nc_sid=10d13b,jonathanyuen,https://www.instagram.com/jonathanyuen,üòç,1,0,2023-08-01T10:31:43.000Z,18293341960141988,825734
https://www.instagram.com/p/CvY6MwcsHhB/,,2023-10-20T14:43:51.620Z,https://scontent.cdninstagram.com/v/t51.2885-19/120767523_251606329590560_2775064878927738655_n.jpg?stp=dst-jpg_s150x150&_nc_ht=scontent.cdninstagram.com&_nc_cat=108&_nc_ohc=oxBdxIXVD8wAX_ukbaC&edm=APs17CUBAAAA&ccb=7-5&oh=00_AfBwKtAh-rwYkMiA-dNYGTzS7Cj9zH8rdHJRUg43CI7GDQ&oe=6537303D&_nc_sid=10d13b,purpliciouscharm,https://www.instagram.com/purpliciouscharm,"Was sooo happy that you‚Äôve got this!tried today and gosh, no turning back - Black sesame + mochi + peanuts, all my loves in oneüòçplease consider making this a permanent flavour!",1,0,2023-08-05T17:17:06.000Z,17990609828177733,864920198
https://www.instagram.com/p/CvY6MwcsHhB/,,2023-10-20T14:43:51.620Z,https://scontent.cdninstagram.com/v/t51.2885-19/364241899_1670121323458475_3117392459005759829_n.jpg?stp=dst-jpg_s150x150&_nc_ht=scontent.cdninstagram.com&_nc_cat=111&_nc_ohc=KJyq3UfYQHAAX9rMP_W&edm=APs17CUBAAAA&ccb=7-5&oh=00_AfD410EKDvlbtmdjdxLL5Of3BTLrmWqsbFg6yphallicew&oe=65377C43&_nc_sid=10d13b,lingeunniiceeats,https://www.instagram.com/lingeunniiceeats,Tried this at SFF 2023 and there's no turning back. Please make this a permanent flavour! üòçüôåüèª,1,0,2023-08-07T10:02:17.000Z,18063279379384836,35288009
https://www.instagram.com/p/CvY6MwcsHhB/,,2023-10-20T14:43:51.620Z,https://scontent.cdninstagram.com/v/t51.2885-19/381178177_690191919286505_5632776037663419152_n.jpg?stp=dst-jpg_s150x150&_nc_ht=scontent.cdninstagram.com&_nc_cat=105&_nc_ohc=Y23VXgDiu94AX-JeojO&edm=APs17CUBAAAA&ccb=7-5&oh=00_AfCgp6Fq-CwIwkuu8LAy6RIgrWCIyRyVoGeY2CvXgJYA8g&oe=6536E358&_nc_sid=10d13b,juls.makan.adventure,https://www.instagram.com/juls.makan.adventure,Omg !!!! Black sesame,1,0,2023-08-05T03:54:52.000Z,17983443758114616,31465232930
https://www.instagram.com/p/CvY6MwcsHhB/,,2023-10-20T14:43:51.620Z,https://scontent.cdninstagram.com/v/t51.2885-19/346220926_769382994801967_3857796157393996848_n.jpg?stp=dst-jpg_s150x150&_nc_ht=scontent.cdninstagram.com&_nc_cat=107&_nc_ohc=00XWYyLFKUMAX_6ZYc7&edm=APs17CUBAAAA&ccb=7-5&oh=00_AfA36DYKuoOb_z7PHTPlUSaaGcLRFBnHBGfPMOMljPh5_g&oe=65383568&_nc_sid=10d13b,tomatojouce,https://www.instagram.com/tomatojouce,üòçüòçüòç,2,0,2023-08-01T14:52:43.000Z,17986316978241848,5941552310
https://www.instagram.com/p/CvY6MwcsHhB/,,2023-10-20T14:43:51.620Z,https://scontent.cdninstagram.com/v/t51.2885-19/11371177_1723258674569176_1210213468_a.jpg?_nc_ht=scontent.cdninstagram.com&_nc_cat=104&_nc_ohc=UJfSUqo5SPMAX_of7Ur&edm=APs17CUBAAAA&ccb=7-5&oh=00_AfCU8UknzKJz9CKK0ra-jgtgzyi-hJRyfLmxX_Wq1Bimkg&oe=653807B4&_nc_sid=10d13b,elaine_gxf,https://www.instagram.com/elaine_gxf,@mummydin0saur,0,0,2023-08-01T13:33:52.000Z,17999199679988198,197125837
https://www.instagram.com/p/CvWSrION346/,,2023-10-20T14:44:09.134Z,https://scontent.cdninstagram.com/v/t51.2885-19/260829038_1556870407994875_5984506650454029157_n.jpg?stp=dst-jpg_s150x150&_nc_ht=scontent.cdninstagram.com&_nc_cat=107&_nc_ohc=upAozhDx_PkAX8b5Mvq&edm=APs17CUBAAAA&ccb=7-5&oh=00_AfDah4ksdIarSzfDupE0dcyN2v6V8a54BfumMO3kNQ3XIA&oe=65379C21&_nc_sid=10d13b,geishadog,https://www.instagram.com/geishadog,What time do u open? üôÇ,0,1,2023-07-31T14:44:45.000Z,18255446575164320,468745
https://www.instagram.com/p/CvWSrION346/,,2023-10-20T14:44:09.134Z,https://scontent.cdninstagram.com/v/t51.2885-19/372936174_1318651865446150_2062849840917964708_n.jpg?stp=dst-jpg_s150x150&_nc_ht=scontent.cdninstagram.com&_nc_cat=110&_nc_ohc=-WfscwEeLXcAX_5LWCF&edm=APs17CUBAAAA&ccb=7-5&oh=00_AfCn2QqSqBg8DDgvYDk2Z5Yhx3qtzac3vKI-A6GV11IufQ&oe=65370466&_nc_sid=10d13b,xyz10.21,https://www.instagram.com/xyz10.21,Margaret drive outlet has opened?,1,1,2023-08-01T17:38:36.000Z,18101941099328506,52358168
https://www.instagram.com/p/CvWSrION346/,,2023-10-20T14:44:09.134Z,https://scontent.cdninstagram.com/v/t51.2885-19/385868412_871804687669119_4191518262822036639_n.jpg?stp=dst-jpg_s150x150&_nc_ht=scontent.cdninstagram.com&_nc_cat=103&_nc_ohc=SFW-qCvxXHQAX_ANAlj&edm=APs17CUBAAAA&ccb=7-5&oh=00_AfD7mS1hKamhdcKoLjICXPXuFPMG68qHhLgc2ahnLWEykA&oe=6537C835&_nc_sid=10d13b,sjsquek,https://www.instagram.com/sjsquek,Will the waffles be available or I would need to call ahead to reserve ?,0,0,2023-08-03T10:41:39.000Z,17996298770034289,1121301071
https://www.instagram.com/p/CvWSrION346/,,2023-10-20T14:44:09.134Z,https://scontent.cdninstagram.com/v/t51.2885-19/11375820_1472979929691511_306533198_a.jpg?_nc_ht=scontent.cdninstagram.com&_nc_cat=107&_nc_ohc=gKDD0D2U6cwAX-UiBU6&edm=APs17CUBAAAA&ccb=7-5&oh=00_AfBZsdRvMYKhhcOyXWK3lgTehJcnnDhltzrPGGYJCHyo0A&oe=65386913&_nc_sid=10d13b,adteoad,https://www.instagram.com/adteoad,Are the 3 pints bundle of any choice of flavours?,0,0,2023-08-03T15:33:49.000Z,17968511828578547,685503653
https://www.instagram.com/p/CvWSrION346/,,2023-10-20T14:44:09.134Z,https://scontent.cdninstagram.com/v/t51.2885-19/385641552_1029025621546683_5295168423848516178_n.jpg?stp=dst-jpg_s150x150&_nc_ht=scontent.cdninstagram.com&_nc_cat=103&_nc_ohc=vsDYx6XAsmoAX_Vq4mA&edm=APs17CUBAAAA&ccb=7-5&oh=00_AfD5HbjnkU9N-BnYO4sQSoB78e1fNj16F0jjV5l7jOrjsg&oe=6536D38A&_nc_sid=10d13b,jenho_yf,https://www.instagram.com/jenho_yf,I want!,1,0,2023-07-31T11:20:11.000Z,18293021749190846,52920564826
https://www.instagram.com/p/CvWSrION346/,,2023-10-20T14:44:09.134Z,https://scontent.cdninstagram.com/v/t51.2885-19/381178177_690191919286505_5632776037663419152_n.jpg?stp=dst-jpg_s150x150&_nc_ht=scontent.cdninstagram.com&_nc_cat=105&_nc_ohc=Y23VXgDiu94AX-fvSFG&edm=APs17CUBAAAA&ccb=7-5&oh=00_AfBBus0wBnY7sjIuD2nI6U-cDLzdwY9nYAdFEn5WtZJZDw&oe=6536E358&_nc_sid=10d13b,juls.makan.adventure,https://www.instagram.com/juls.makan.adventure,üî•,1,0,2023-08-01T14:47:46.000Z,18054824140450244,31465232930
https://www.instagram.com/p/CvWSrION346/,,2023-10-20T14:44:09.134Z,https://scontent.cdninstagram.com/v/t51.2885-19/364290483_3577909275821096_2881762670373616430_n.jpg?stp=dst-jpg_s150x150&_nc_ht=scontent.cdninstagram.com&_nc_cat=108&_nc_ohc=Jp55fGekA3wAX8kdeF3&edm=APs17CUBAAAA&ccb=7-5&oh=00_AfDQFu9Ih1TcFxhk6ETOP1NVuXES0AuSmYBfRoHiZF-jgg&oe=6537FDC3&_nc_sid=10d13b,haengbokaeyo,https://www.instagram.com/haengbokaeyo,üòçüòçüòçüòçüòç,1,0,2023-07-31T07:37:06.000Z,18270069169153473,229187947
https://www.instagram.com/p/CvWSrION346/,,2023-10-20T14:44:09.134Z,https://scontent.cdninstagram.com/v/t51.2885-19/297689869_1285336001999974_456704424356693130_n.jpg?stp=dst-jpg_s150x150&_nc_ht=scontent.cdninstagram.com&_nc_cat=110&_nc_ohc=dAl9hAHLewIAX8cQHVu&edm=APs17CUBAAAA&ccb=7-5&oh=00_AfDQt2dnCFnDgW0ro3DZ3l29b_hLnApuk8Ledub91OediQ&oe=65371C4D&_nc_sid=10d13b,kellynology,https://www.instagram.com/kellynology,@joellelyj don‚Äôt forget to check this out!,0,0,2023-08-04T08:15:39.000Z,18295228153191540,1478043
https://www.instagram.com/p/CvWSrION346/,,2023-10-20T14:44:09.134Z,https://scontent.cdninstagram.com/v/t51.2885-19/345109458_562851949307236_3535816659437989494_n.jpg?stp=dst-jpg_s150x150&_nc_ht=scontent.cdninstagram.com&_nc_cat=104&_nc_ohc=XoYKjeKLlnEAX93jYKl&edm=APs17CUBAAAA&ccb=7-5&oh=00_AfDC3d40kxvVnt9pkuWSYgX0mVFOwsAllRDnP9wLMcJuCQ&oe=6536CBA1&_nc_sid=10d13b,skpooh,https://www.instagram.com/skpooh,@dapchoi,1,0,2023-08-04T01:12:57.000Z,18047842555475955,8186214
https://www.instagram.com/p/CvTzYJHApyq/,,2023-10-20T14:44:26.519Z,https://scontent.cdninstagram.com/v/t51.2885-19/337328946_226547910038707_838995826301487495_n.jpg?stp=dst-jpg_s150x150&_nc_ht=scontent.cdninstagram.com&_nc_cat=107&_nc_ohc=GNt58p-HNmoAX9-fJeI&edm=APs17CUBAAAA&ccb=7-5&oh=00_AfC86ROmVS0f3oQGRJngWgxmB4mSaa4kNBFzAjzu_M8xPA&oe=65385D1A&_nc_sid=10d13b,prettychineseboy,https://www.instagram.com/prettychineseboy,@sya.ra.fuddin please bring this back my guy üôè,2,1,2023-08-09T09:26:01.000Z,17922883583757487,1922627778
https://www.instagram.com/p/CvTnWVdujcO/,No comments found,2023-10-20T14:44:38.540Z,,,,,,,,,
https://www.instagram.com/p/CvRYEnSOEYv/,,2023-10-20T14:44:50.692Z,https://scontent.cdninstagram.com/v/t51.2885-19/99060833_1671089339714764_5079184502698278912_n.jpg?stp=dst-jpg_s150x150&_nc_ht=scontent.cdninstagram.com&_nc_cat=104&_nc_ohc=JIi4_frsFtUAX8TOnqa&edm=APs17CUBAAAA&ccb=7-5&oh=00_AfAK6uIfbbLFhI3f0S2q7uc5P4ZG9OydZamF577viZ7wqw&oe=65378A02&_nc_sid=10d13b,kerropiiyo,https://www.instagram.com/kerropiiyo,Is it open today or next weekend?,0,1,2023-07-30T04:40:20.000Z,17966129330561835,1433777
https://www.instagram.com/p/CvRYEnSOEYv/,,2023-10-20T14:44:50.692Z,https://scontent.cdninstagram.com/v/t51.2885-19/225947848_3008829352733067_4131060427414573540_n.jpg?stp=dst-jpg_s150x150&_nc_ht=scontent.cdninstagram.com&_nc_cat=103&_nc_ohc=gPm2x05Go3gAX_ruFAO&edm=APs17CUBAAAA&ccb=7-5&oh=00_AfC1wyrhwQBRmy1lsL_mB2plMn2W7OsM1eFRTfn475_hSA&oe=65373B89&_nc_sid=10d13b,debeeong,https://www.instagram.com/debeeong,Finally!üòçüëèüëèüëèüëèüëè,1,0,2023-07-29T10:34:53.000Z,17967008975382107,46477565
https://www.instagram.com/p/Cu_xOdgysdN/,,2023-10-20T14:45:07.958Z,https://scontent.cdninstagram.com/v/t51.2885-19/386240952_284062707779069_4118047414465079166_n.jpg?stp=dst-jpg_s150x150&_nc_ht=scontent.cdninstagram.com&_nc_cat=105&_nc_ohc=iqHK4rdATzoAX-tIRbI&edm=APs17CUBAAAA&ccb=7-5&oh=00_AfDvbcIt__qhZB0_md9y4fCvBAChhh0PLVKGgLpK70Z61Q&oe=653763FA&_nc_sid=10d13b,chiaksimi,https://www.instagram.com/chiaksimi,Happy weekend,1,0,2023-07-22T11:49:59.000Z,17992144951961038,44417255492
https://www.instagram.com/p/Cu_xOdgysdN/,,2023-10-20T14:45:07.958Z,https://scontent.cdninstagram.com/v/t51.2885-19/299004693_1187382125392601_5665689347658167420_n.jpg?stp=dst-jpg_s150x150&_nc_ht=scontent.cdninstagram.com&_nc_cat=105&_nc_ohc=vYvgv7GXwoQAX-0ZUga&edm=APs17CUBAAAA&ccb=7-5&oh=00_AfCNhMGfTERNqtzRWENrFJUFZ9U_XCo33ANNtqoEZGV9Ug&oe=65383D9F&_nc_sid=10d13b,myvideojxd,https://www.instagram.com/myvideojxd,Wowüî•dm it on @singapore_.life,0,0,2023-07-22T10:34:05.000Z,17921548898754313,51949231379
https://www.instagram.com/p/Cu_IDGagE4v/,No comments found,2023-10-20T14:45:20.664Z,,,,,,,,,
https://www.instagram.com/p/Cu6kMCSMg61/,No comments found,2023-10-20T14:45:27.773Z,,,,,,,,,
https://www.instagram.com/p/Cu1hqvVutRp/,,2023-10-20T14:45:40.360Z,https://scontent.cdninstagram.com/v/t51.2885-19/376916039_1511136996386111_4997198724726160760_n.jpg?stp=dst-jpg_s150x150&_nc_ht=scontent.cdninstagram.com&_nc_cat=111&_nc_ohc=HtCXE3nXBEAAX-32sEw&edm=APs17CUBAAAA&ccb=7-5&oh=00_AfBqJZ1lld860qWvXKplE3ZItWF-R0meCGLeJuk7VmImYA&oe=6537C824&_nc_sid=10d13b,4brothers_sg,https://www.instagram.com/4brothers_sg,Wow,0,0,2023-07-19T02:18:50.000Z,17866003628924749,458606790
https://www.instagram.com/p/CuvqDhhyxRZ/,,2023-10-20T14:45:57.525Z,https://scontent.cdninstagram.com/v/t51.2885-19/376916039_1511136996386111_4997198724726160760_n.jpg?stp=dst-jpg_s150x150&_nc_ht=scontent.cdninstagram.com&_nc_cat=111&_nc_ohc=HtCXE3nXBEAAX8Slznd&edm=APs17CUBAAAA&ccb=7-5&oh=00_AfCPoWgAMWryGsLAadGvzXYqlu92a0-SMUMtWVL1h2MNBw&oe=6537C824&_nc_sid=10d13b,4brothers_sg,https://www.instagram.com/4brothers_sg,Awesome,0,0,2023-07-19T02:18:58.000Z,18198704923253064,458606790
https://www.instagram.com/p/CuvqDhhyxRZ/,,2023-10-20T14:45:57.525Z,https://scontent.cdninstagram.com/v/t51.2885-19/64491006_469389020272136_3539473052460908544_n.jpg?stp=dst-jpg_s150x150&_nc_ht=scontent.cdninstagram.com&_nc_cat=108&_nc_ohc=6bnn6wT5wC0AX-7gCtz&edm=APs17CUBAAAA&ccb=7-5&oh=00_AfCKMGE7yvswf4ygfok9dgUAk65NJu7v48SQTKG6QTgX4g&oe=653806C3&_nc_sid=10d13b,creamier_sg,https://www.instagram.com/creamier_sg,#cafesg #singaporeicecream #sgfoodie #foodpornsg #sgfoodtrend #sgfoodhunt #icecreamaddict #eatoutsg #instafoodsg #sgcafehopping #sgfoodlover,0,0,2023-07-16T04:30:33.000Z,17975641970458448,284760280
https://www.instagram.com/p/CuvqDhhyxRZ/,,2023-10-20T14:45:57.525Z,https://scontent.cdninstagram.com/v/t51.2885-19/64491006_469389020272136_3539473052460908544_n.jpg?stp=dst-jpg_s150x150&_nc_ht=scontent.cdninstagram.com&_nc_cat=108&_nc_ohc=6bnn6wT5wC0AX-7gCtz&edm=APs17CUBAAAA&ccb=7-5&oh=00_AfCKMGE7yvswf4ygfok9dgUAk65NJu7v48SQTKG6QTgX4g&oe=653806C3&_nc_sid=10d13b,creamier_sg,https://www.instagram.com/creamier_sg,#sgfoodblogger #sgfoodblog #sgcafevibes #icecreamholic #sgfoodstagram #sgcafebuzz #icecreamshopsg #sgcafeadventures #sgfoodies #sgcafeexperience,0,0,2023-07-16T04:30:18.000Z,17867124230958005,284760280
https://www.instagram.com/p/Cus6Sk6SucV/,,2023-10-20T14:46:15.067Z,https://scontent.cdninstagram.com/v/t51.2885-19/391281196_1384566142410491_7047549168455545038_n.jpg?stp=dst-jpg_s150x150&_nc_ht=scontent.cdninstagram.com&_nc_cat=111&_nc_ohc=26tPPU2Ey9UAX-KfbJE&edm=APs17CUBAAAA&ccb=7-5&oh=00_AfBXerb-PnOMZ2QUE8uPoUohNywVsrK9JkOdvPcP8nU0Pw&oe=6537C4B1&_nc_sid=10d13b,haitankao,https://www.instagram.com/haitankao,‚ù§Ô∏è,1,0,2023-07-17T20:15:23.000Z,17886771863865594,53055789917
https://www.instagram.com/p/Cus6Sk6SucV/,,2023-10-20T14:46:15.067Z,https://scontent.cdninstagram.com/v/t51.2885-19/386240952_284062707779069_4118047414465079166_n.jpg?stp=dst-jpg_s150x150&_nc_ht=scontent.cdninstagram.com&_nc_cat=105&_nc_ohc=iqHK4rdATzoAX_xo5Oe&edm=APs17CUBAAAA&ccb=7-5&oh=00_AfBDXAbpvVbf9qKfCOSInSpr8MEPEFfjPGdav0zXOQy2QQ&oe=653763FA&_nc_sid=10d13b,chiaksimi,https://www.instagram.com/chiaksimi,I need try this,1,0,2023-07-15T03:04:39.000Z,17960944166612349,44417255492
https://www.instagram.com/p/Cus6Sk6SucV/,,2023-10-20T14:46:15.067Z,https://scontent.cdninstagram.com/v/t51.2885-19/386240952_284062707779069_4118047414465079166_n.jpg?stp=dst-jpg_s150x150&_nc_ht=scontent.cdninstagram.com&_nc_cat=105&_nc_ohc=iqHK4rdATzoAX_xo5Oe&edm=APs17CUBAAAA&ccb=7-5&oh=00_AfBDXAbpvVbf9qKfCOSInSpr8MEPEFfjPGdav0zXOQy2QQ&oe=653763FA&_nc_sid=10d13b,chiaksimi,https://www.instagram.com/chiaksimi,‚ù§Ô∏è,1,0,2023-07-15T03:04:38.000Z,18056369251430251,44417255492
https://www.instagram.com/p/CulaDlFNiPU/,No comments found,2023-10-20T14:46:27.677Z,,,,,,,,,
https://www.instagram.com/p/CujUE3JMJoW/,,2023-10-20T14:46:40.167Z,https://scontent.cdninstagram.com/v/t51.2885-19/116132013_218416129453836_5026045478430026245_n.jpg?stp=dst-jpg_s150x150&_nc_ht=scontent.cdninstagram.com&_nc_cat=100&_nc_ohc=iOrfx4PVnygAX85hfgK&edm=APs17CUBAAAA&ccb=7-5&oh=00_AfBB7UFVzy849VtsnHTErQovC3zrUYmdnL_QTcosYnBdUA&oe=65383843&_nc_sid=10d13b,camille.manfred,https://www.instagram.com/camille.manfred,Pls make this a permanent flavour üò≠,0,0,2023-07-21T13:41:33.000Z,18196771189266725,26677057
https://www.instagram.com/p/CujUE3JMJoW/,,2023-10-20T14:46:40.167Z,https://scontent.cdninstagram.com/v/t51.2885-19/353068476_139260519124843_2124063688735300664_n.jpg?stp=dst-jpg_s150x150&_nc_ht=scontent.cdninstagram.com&_nc_cat=107&_nc_ohc=8fO01Uym5DwAX9pmx9D&edm=APs17CUBAAAA&ccb=7-5&oh=00_AfB2ZQ-e2Osp8BKWUdozPir7orwkNrJ78VEysDs3g6_IKg&oe=65381912&_nc_sid=10d13b,rachel.iuhis,https://www.instagram.com/rachel.iuhis,Gonna grab mine at Northshore,1,0,2023-07-13T16:41:58.000Z,18187640233284353,1049034
https://www.instagram.com/p/CudhC9FMEnh/,No comments found,2023-10-20T14:46:52.686Z,,,,,,,,,
https://www.instagram.com/p/Cua4e6gyzqN/,,2023-10-20T14:47:04.842Z,https://scontent.cdninstagram.com/v/t51.2885-19/146667580_1968001916672813_895057790080293973_n.jpg?stp=dst-jpg_s150x150&_nc_ht=scontent.cdninstagram.com&_nc_cat=105&_nc_ohc=bRK0nX6XHLAAX-U5qBn&edm=APs17CUBAAAA&ccb=7-5&oh=00_AfDkIf6sSV5V5VitV9BLW6GrJ5512MtVYkz65ZHMfaUWlg&oe=6536C8C5&_nc_sid=10d13b,little_kosaji.sg,https://www.instagram.com/little_kosaji.sg,Wow so  happy to be re posted :),1,0,2023-07-08T12:39:19.000Z,18289041007187008,34820132039
https://www.instagram.com/p/Cua4e6gyzqN/,,2023-10-20T14:47:04.842Z,https://scontent.cdninstagram.com/v/t51.2885-19/367340909_251352921180835_3792141553809786420_n.jpg?stp=dst-jpg_s150x150&_nc_ht=scontent.cdninstagram.com&_nc_cat=107&_nc_ohc=HK0737Ca9r8AX8Efhz8&edm=APs17CUBAAAA&ccb=7-5&oh=00_AfBvUB2oB4JfQreVxIRCV5RRkc9cNmcndfK4WjbrSorIDw&oe=6536FE1C&_nc_sid=10d13b,amigurumei,https://www.instagram.com/amigurumei,The Summer Soda Floats üòçüòçüòç I‚Äôll need to try them one day!! Thank you for hosting the most wonderful space for this event! üíñüíñüíñüíñüíñüç®üç®üç®,1,0,2023-07-08T06:41:55.000Z,17977553141360260,2678695
https://www.instagram.com/p/Cua4e6gyzqN/,,2023-10-20T14:47:04.842Z,https://scontent.cdninstagram.com/v/t51.2885-19/148637137_714804475897291_5332609903394125772_n.jpg?stp=dst-jpg_s150x150&_nc_ht=scontent.cdninstagram.com&_nc_cat=107&_nc_ohc=Q4Np6afwwvkAX-S952P&edm=APs17CUBAAAA&ccb=7-5&oh=00_AfBdGQ3wY5ur5ELdtCROXl4x1bknYKnm5fU1pJ2fux_gHw&oe=653876B1&_nc_sid=10d13b,usafit1,https://www.instagram.com/usafit1,Please send on @INSTA_EMPIREPROMO,0,0,2023-07-08T02:51:22.000Z,17931214100619169,45007245516
https://www.instagram.com/p/CuYagCxLhMn/,,2023-10-20T14:47:22.744Z,https://scontent.cdninstagram.com/v/t51.2885-19/64491006_469389020272136_3539473052460908544_n.jpg?stp=dst-jpg_s150x150&_nc_ht=scontent.cdninstagram.com&_nc_cat=108&_nc_ohc=6bnn6wT5wC0AX-ei8LC&edm=APs17CUBAAAA&ccb=7-5&oh=00_AfBNQJtB8balmgAD982yUnPfZQWAKcrERfoPUUZOtzPNYA&oe=653806C3&_nc_sid=10d13b,creamier_sg,https://www.instagram.com/creamier_sg,#sgfoodblogger #sgfoodblog #sgcafevibes #icecreamholic #sgfoodstagram #sgcafebuzz #icecreamshopsg #sgcafeadventures #sgfoodies #sgcafeexperience #cafesg #singaporeicecream #sgfoodie #foodpornsg #sgfoodtrend #sgfoodhunt #icecreamaddict #eatoutsg #instafoodsg #sgcafehopping #sgfoodlover,0,0,2023-07-07T03:44:21.000Z,17945985800531828,284760280
https://www.instagram.com/p/CuTS31ONjrS/,,2023-10-20T14:47:40.896Z,https://scontent.cdninstagram.com/v/t51.2885-19/292476144_2081449375369729_2912600110712841018_n.jpg?stp=dst-jpg_s150x150&_nc_ht=scontent.cdninstagram.com&_nc_cat=101&_nc_ohc=2p6pFt_JRJUAX_nKzz0&edm=APs17CUBAAAA&ccb=7-5&oh=00_AfAqKgZI20v_aEVyxcRYB14U0Vkk6wywfN1G5Yq5VfsYDw&oe=6536D0D9&_nc_sid=10d13b,schwannk,https://www.instagram.com/schwannk,Save me some!! üòç,1,0,2023-07-05T14:04:19.000Z,17967809393524658,5301353
https://www.instagram.com/p/CuTS31ONjrS/,,2023-10-20T14:47:40.896Z,https://scontent.cdninstagram.com/v/t51.2885-19/64491006_469389020272136_3539473052460908544_n.jpg?stp=dst-jpg_s150x150&_nc_ht=scontent.cdninstagram.com&_nc_cat=108&_nc_ohc=6bnn6wT5wC0AX9j4Fmv&edm=APs17CUBAAAA&ccb=7-5&oh=00_AfCr6EaU-VOZIhJFG2pl46iZJocZAMHU-VPnieUqcOLQSQ&oe=653806C3&_nc_sid=10d13b,creamier_sg,https://www.instagram.com/creamier_sg,#cafesg #singaporeicecream #sgfoodie #coffeelover #foodpornsg #sgfoodtrend #sgfoodhunt #icecreamaddict #eatoutsg #instafoodsg #sgcafehopping #sgfoodlover #sgfoodblogger #sgfoodblog #sgcafevibes #icecreamholic #sgfoodstagram #sgcafebuzz #icecreamshopsg #sgcafeadventures #sgfoodies #sgcafeexperience,0,0,2023-07-05T04:01:53.000Z,18027924730547761,284760280
https://www.instagram.com/p/CuTS31ONjrS/,,2023-10-20T14:47:40.896Z,https://scontent.cdninstagram.com/v/t51.2885-19/386240952_284062707779069_4118047414465079166_n.jpg?stp=dst-jpg_s150x150&_nc_ht=scontent.cdninstagram.com&_nc_cat=105&_nc_ohc=iqHK4rdATzoAX8U1KHx&edm=APs17CUBAAAA&ccb=7-5&oh=00_AfBNODTlfP5oUpC2XWneQkm9C-Ozp9xNzzsNpml-DV1vuQ&oe=653763FA&_nc_sid=10d13b,chiaksimi,https://www.instagram.com/chiaksimi,Looks good,1,0,2023-07-05T07:09:17.000Z,17906495471794696,44417255492
https://www.instagram.com/p/CuTS31ONjrS/,,2023-10-20T14:47:40.896Z,https://scontent.cdninstagram.com/v/t51.2885-19/361601277_648711580650386_1382384689748775945_n.jpg?stp=dst-jpg_s150x150&_nc_ht=scontent.cdninstagram.com&_nc_cat=102&_nc_ohc=913HtroAZs0AX_aJVgJ&edm=APs17CUBAAAA&ccb=7-5&oh=00_AfDhA2N_uVLo2fb9cV9UHskCWta3c0wJwuLgC8U2tuGNvA&oe=653853F9&_nc_sid=10d13b,jayeloh,https://www.instagram.com/jayeloh,@bryant_.__._ BOSSSSSSSSSS,1,0,2023-07-05T10:45:51.000Z,17992835462066923,32011592
https://www.instagram.com/p/CuQuQRqgSW-/,,2023-10-20T14:47:58.685Z,https://scontent.cdninstagram.com/v/t51.2885-19/64491006_469389020272136_3539473052460908544_n.jpg?stp=dst-jpg_s150x150&_nc_ht=scontent.cdninstagram.com&_nc_cat=108&_nc_ohc=6bnn6wT5wC0AX9fcV9M&edm=APs17CUBAAAA&ccb=7-5&oh=00_AfAdE-U_WBDyimYHM6HZRnP25LEgFtTlVnntlLFQO0TPaw&oe=653806C3&_nc_sid=10d13b,creamier_sg,https://www.instagram.com/creamier_sg,Kindly note as of 5th July: Creamier Tiong Bahru will not carry this flavour due to limited display slots!,0,0,2023-07-05T10:15:50.000Z,17843762268018277,284760280
https://www.instagram.com/p/CuQuQRqgSW-/,,2023-10-20T14:47:58.685Z,https://scontent.cdninstagram.com/v/t51.2885-19/64491006_469389020272136_3539473052460908544_n.jpg?stp=dst-jpg_s150x150&_nc_ht=scontent.cdninstagram.com&_nc_cat=108&_nc_ohc=6bnn6wT5wC0AX9fcV9M&edm=APs17CUBAAAA&ccb=7-5&oh=00_AfAdE-U_WBDyimYHM6HZRnP25LEgFtTlVnntlLFQO0TPaw&oe=653806C3&_nc_sid=10d13b,creamier_sg,https://www.instagram.com/creamier_sg,#cafesg #singaporeicecream #sgfoodie #coffeelover #foodpornsg #sgfoodtrend #sgfoodhunt #icecreamaddict #eatoutsg #instafoodsg #sgcafehopping #sgfoodlover #sgfoodblogger #sgfoodblog #sgcafevibes #icecreamholic #sgfoodstagram #sgcafebuzz #icecreamshopsg #sgcafeadventures #sgfoodies #sgcafeexperience,1,0,2023-07-04T04:03:57.000Z,18025081471565638,284760280
https://www.instagram.com/p/CuOktViOTsd/,,2023-10-20T14:48:16.399Z,https://scontent.cdninstagram.com/v/t51.2885-19/64491006_469389020272136_3539473052460908544_n.jpg?stp=dst-jpg_s150x150&_nc_ht=scontent.cdninstagram.com&_nc_cat=108&_nc_ohc=6bnn6wT5wC0AX8B5jWO&edm=APs17CUBAAAA&ccb=7-5&oh=00_AfB5ruiTwF6pJ-1mJaCVwFm9tA53UQALyd1cCCNwdvIpgQ&oe=653806C3&_nc_sid=10d13b,creamier_sg,https://www.instagram.com/creamier_sg,P.S. Kindly note that as of 5th July: Creamier Tiong Bahru will not carry this flavour due to limited display slots!,0,0,2023-07-06T04:28:59.000Z,18131053960306305,284760280
https://www.instagram.com/p/CuOktViOTsd/,,2023-10-20T14:48:16.399Z,https://scontent.cdninstagram.com/v/t51.2885-19/11259882_897359363659117_1397719976_a.jpg?_nc_ht=scontent.cdninstagram.com&_nc_cat=101&_nc_ohc=l5_GfOiBV3IAX9JCskt&edm=APs17CUBAAAA&ccb=7-5&oh=00_AfD7klEHzdMkyvmZeBfeoDrf5hlENrwt6k8PRRXwlNyYBA&oe=65377E85&_nc_sid=10d13b,awongsl,https://www.instagram.com/awongsl,M gonna try them all‚ù§Ô∏è‚ù§Ô∏è‚ù§Ô∏è,1,0,2023-07-03T09:31:27.000Z,17989104281310878,1182426096
https://www.instagram.com/p/CuOktViOTsd/,,2023-10-20T14:48:16.399Z,https://scontent-ams2-1.cdninstagram.com/v/t51.2885-19/44884218_345707102882519_2446069589734326272_n.jpg?_nc_ht=scontent-ams2-1.cdninstagram.com&_nc_cat=1&_nc_ohc=RL4se8fak_MAX_7TolJ&edm=ALlQn9MBAAAA&ccb=7-5&ig_cache_key=YW5vbnltb3VzX3Byb2ZpbGVfcGlj.2-ccb7-5&oh=00_AfDw0J3MzEspBLojXBrn5vGEE9ChQg5AYshBBK66i-wXpA&oe=6537D14F&_nc_sid=e7f676,jazreel6,https://www.instagram.com/jazreel6,Mint please !,1,0,2023-07-03T08:53:20.000Z,17944351097535295,8521064616