id,name,shares,likes,loves,wow,cares,sad,angry,haha,reactions_count,comments,content,posted_on,video,image,post_url
pfbid0s9fTrmxMLQSZAVyPVbSPpUkJc6MBR18bFjARdf522EuMrJ8KEMUPBJHUX7PGKCYl,Freshio Gelato,0,0,1,0,0,0,0,0,1,0,Uncle KT and Aunt Steph went for their votes in the morning! Now making more gelato for the hot weather. #sgpresident #president,2023-09-01T00:00:00,[],https://scontent.fsin16-1.fna.fbcdn.net/v/t39.30808-6/372685539_18049518115469406_2233283530201624526_n.jpg?stp=dst-jpg_p526x296&_nc_cat=100&ccb=1-7&_nc_sid=5f2048&_nc_ohc=Nyq0cirPfaMAX9LnyyI&_nc_ht=scontent.fsin16-1.fna&oh=00_AfC_MgDuF4u5ZFzOjDI5WSyPBa5jSkhU3wAvJwrW-Rhe6Q&oe=653920AF,https://www.facebook.com/freshiogelato/posts/pfbid0s9fTrmxMLQSZAVyPVbSPpUkJc6MBR18bFjARdf522EuMrJ8KEMUPBJHUX7PGKCYl?__cft__[0]=AZX5th2YBqrp4rkd4rahej6Dg0aYGSwFCu65qbA98bomLrc2xiEgQ57g8hti42cwNhUxSyn_i4zstNhpIBYN0csAHpcRyAjRHYBvWp-x2teqTG_O_VIfFngcAmWujbA8bq9uyaXeO-WWWK-f3EptrsmhtmcMkf9ugGAoUh8FydvB3GnRZKpK8T0Rt8ROJdcIPQIpvZCqAk6MKZPIEjrk7VU-&__tn__=%2CO%2CP-R
pfbid024nyGFnVLXxaP9scGunQh27jH5oXbjUDdtK3JifU5DHHTJmq8TdGHCcTdpYfKxCbsl,Freshio Gelato,0,1,1,0,0,0,0,0,2,0,Uncle KT took a really big bite from the Azuki filled bun and he tried to fill it up with more beans for the photo. What’s missing in there is gelato!,2023-05-10T00:00:00,['blob:https://www.facebook.com/bbf2ed0b-e2cd-4a05-a1ea-0b43c5c1bdc6'],https://scontent.fsin16-1.fna.fbcdn.net/v/t51.36329-10/345761815_196223883284747_4861924755170222347_n.jpg?stp=dst-jpg_s960x960&_nc_cat=103&ccb=1-7&_nc_sid=1a7029&_nc_ohc=eHvqnQzbXMcAX-qhIGq&_nc_ht=scontent.fsin16-1.fna&oh=00_AfC-gNxUhkWfr0KAgjtn7Ez-StQ1HhQNIhGo4y5-kNuBog&oe=6539720C,https://www.facebook.com/freshiogelato/posts/pfbid024nyGFnVLXxaP9scGunQh27jH5oXbjUDdtK3JifU5DHHTJmq8TdGHCcTdpYfKxCbsl?__cft__[0]=AZVvCCyaAR0NBbL_X77O2hrOoMsqu9oWLVxuSnWaqZqAk4rwgKGOADkoAc-zaGbLQSGwOK1UYOoNeon4zPpNSoQcCEaQ46ldt9ywcLLdDJY18QOwD66-g6DmMzLQ3r7hfE8UMMtOJ8OPfk3OOtW1U2z4zsLTJ2lV028WQzDzBkGJ6mHOysDA_JDQPwHAJaCLhSJkErPrs35VZULcra0g9BjQ26YKd0OjiSyBPC9iVZ321Q&__tn__=%2CO%2CP-R
pfbid0d4WGr8HHSKrmTcvfhknb9MoVW3ADvRT9j6csLFiy1vRYPmCfTfhabrwTFjkZbNUhl,Freshio Gelato,0,4,1,0,0,0,0,0,5,1,"Drop your request to Uncle KT, he says he will be happy to make some based on requests! ",2023-10-22T08:47:23.061820,[],https://scontent.fsin16-1.fna.fbcdn.net/v/t39.30808-6/344301502_952943436159788_1605008262938963075_n.jpg?stp=dst-jpg_p526x296&_nc_cat=104&ccb=1-7&_nc_sid=5f2048&_nc_ohc=MeN4bK5axuoAX8F0yK0&_nc_ht=scontent.fsin16-1.fna&oh=00_AfC5lCXKCad2Ke4sDY6cWrUsVyUXHTXTkDcGJYPN3SDihw&oe=653A03E7,https://www.facebook.com/freshiogelato/posts/pfbid0d4WGr8HHSKrmTcvfhknb9MoVW3ADvRT9j6csLFiy1vRYPmCfTfhabrwTFjkZbNUhl?__cft__[0]=AZWkf1jA-1YudgZAsznUcBCnca_kuIjm7G6fBJfey356lpeRS-YhvCtLdJIi2deFmRk4f6tVg9f2cZtFmWUGmMMrBu29bYP3ReDjfInKBIwUIWqR-BPbYHN8IHW2YI1PSMqDtZhkuPdfeFFT6V7fUivmHRqkrefvEaKlhoW4olH6Co0YWzvoKJhA7b5eyDBKYVcykMNtc5ikt-JFn7tEycs7&__tn__=%2CO%2CP-R
pfbid02FkFE2hnLrv2X1vxmZZamthJxPVGZDTkAbFFD2Mttr3ntq6bbhqr5jYBUB6shsFe6l,Freshio Gelato,0,3,0,0,0,0,0,0,3,2,,2023-04-07T00:00:00,['blob:https://www.facebook.com/83791a19-3e96-4e0c-bb7a-69d610086e9c'],,https://www.facebook.com/freshiogelato/posts/pfbid02FkFE2hnLrv2X1vxmZZamthJxPVGZDTkAbFFD2Mttr3ntq6bbhqr5jYBUB6shsFe6l?__cft__[0]=AZUnUnvUKWtryUn5pHyvVUj3fRwyEV9pprsaE_ToPZBV1mv9QVwhr7Y28BeETatyGVARX7bM_52MsuntR07tnKm4-uGD-0BujLnb1B-JPIeGZLZgBajTY2Ra9d_YRgVxzTtP96V6NH4gGgnqzLmwvOVQAryAM_JQQdhqepiLop1Ytwh9-RZ2RO6krSHUDV6--s4PbIpgvmV6zmMHztz1XIarS2gYRTCOheHWkNiH2aNqwA&__tn__=%2CO%2CP-R
pfbid02v5YbAcgCcHdCpQF6N9eLPGU3XBaNsvsPoYDDBqZrKKvQ5khyQ2TSYCaNJbwR6c8il,Freshio Gelato,0,13,1,0,0,0,0,0,14,0,Thank you for the support! Have a happy Easter holiday tomorrow.,2023-04-06T00:00:00,[],https://scontent.fsin16-1.fna.fbcdn.net/v/t39.30808-6/340271673_2210100689169374_4975881454371499174_n.jpg?stp=dst-jpg_s640x640&_nc_cat=104&ccb=1-7&_nc_sid=5f2048&_nc_ohc=hIxiT0I5HJIAX-jaXvv&_nc_ht=scontent.fsin16-1.fna&oh=00_AfAl4Gj3sVtS_pPqYOeNDHovMqtolotA0CxuVE_5kEl5wg&oe=6539D0F3,https://www.facebook.com/freshiogelato/posts/pfbid02v5YbAcgCcHdCpQF6N9eLPGU3XBaNsvsPoYDDBqZrKKvQ5khyQ2TSYCaNJbwR6c8il?__cft__[0]=AZX0XDGj6SuyYDejEPdC8RIud_-xQN_mrLVckuhYXdbpmLwpAuaNLpOVg89YDiwhjlxTBSsmPnsMJWjMeFEsggaQAtMkjaeDVKDEJkbdn6PHar_ra7Pc5kQL7BUuFr03D40zAMDZZNCqHu44qEH6V5QK8F1e-SGvYz7JqwRcbcgp9Q8bV4L1XRovAj6QZtp149dn0vpZHVOOSVFWsrvuBEB0&__tn__=%2CO%2CP-R
pfbid025pGkZ4x4Uo7mk1pWwfcvFQfxTcJfmqTT8FxPqnz3pBfEFjeRT3xYp9XPdE4Pz4u8l,Freshio Gelato,2,4,3,0,0,0,0,0,7,1,"https://www.eventbrite.sg/.../free-waffle-cone-redemption...We are having free waffle cones for this event, purchase the free tickets before they are sold out. This will be our first road show and we are showcasing our fresh gelato in a way never once seen at our outlet. Come by and say Hi! We will have croffles and panini sold during the event too.",2023-04-02T00:00:00,[],https://external.fsin16-1.fna.fbcdn.net/emg1/v/t13/6455439228503660574?url=https%3A%2F%2Fimg.evbuc.com%2Fhttps%253A%252F%252Fcdn.evbuc.com%252Fimages%252F482217119%252F1479016154063%252F1%252Foriginal.20230331-120541%3Fw%3D1000%26auto%3Dformat%252Ccompress%26q%3D75%26sharp%3D10%26rect%3D0%252C0%252C4500%252C2250%26s%3Da22ba2d66b40195f9c4b244651d19506&fb_obo=1&utld=evbuc.com&stp=c0.5000x0.5000f_dst-jpg_flffffff_p500x261_q75&ccb=13-1&oh=06_AbFL1dSA_98y0qRTpPa56v9ftyCcw9jNOiKFIBqKkNmwOA&oe=6535F14C&_nc_sid=dbad39,https://www.facebook.com/freshiogelato/posts/pfbid025pGkZ4x4Uo7mk1pWwfcvFQfxTcJfmqTT8FxPqnz3pBfEFjeRT3xYp9XPdE4Pz4u8l?__cft__[0]=AZVevKH9cune2uVCeQlEeZ0QMBjpq5mUAgi5dpj_YCN6a7f01bsnnCVIQZKPLiXgd9stHyjEw6USJLEozMhJ5-_WC-60lpsLVMmx_EbmWjQ0uHbMv4BpmoLHgme-cPa6pStXIuBM2tQczJNtCG-ioXX93eNff09glicU2TVDLs2QRdPkCKEEwy-9mBW4dBt5eYA0TGA9-iBOTZuFJoj_xiJm&__tn__=%2CO%2CP-R
pfbid02fQoJZ4vxT8uwZwwU65fEZgQoMzpyERgUBCNwGLpPsHeavQoTPf3vfDaW3onCwuD3l,Freshio Gelato,0,1,0,0,0,0,0,0,1,0,,2023-03-31T00:00:00,[],https://scontent.fsin16-1.fna.fbcdn.net/v/t39.30808-6/240511121_2990489691270141_2369407848795446762_n.jpg?stp=c0.7.526.275a_dst-jpg_p526x296&_nc_cat=109&ccb=1-7&_nc_sid=5f2048&_nc_ohc=6L3qpTf7MIYAX9JuoKx&_nc_ht=scontent.fsin16-1.fna&oh=00_AfBRfk4_Zl85ic6P8VSBZt73B8Wntt0Hc2ouVnjvVkyr3A&oe=653A13EF,https://www.facebook.com/freshiogelato/posts/pfbid02fQoJZ4vxT8uwZwwU65fEZgQoMzpyERgUBCNwGLpPsHeavQoTPf3vfDaW3onCwuD3l?__cft__[0]=AZU3VfRxsTx0UrNQO5xu2DopDX15YxKeezi2g85vtggOPco0_eNLNOYeZIeg-C9tgHizbXKaX50S9X3yca8Y1S1p1ershFXEgVgd2U0RQ3hphJKCe_ujm9Uw1DX3vyN5mt_5NPw5vRKqs4qPCTEANtIpYHlyhcv9b-t1_5Vl-j0tGqy5GQ3h0Mn4Bqia_RbfVVs8MtHgbwQ9MZYkIpXB8gj3&__tn__=%2CO%2CP-R
pfbid02iqnAb6RE6rM6zTEPuV5J3pTD9PdUywyS5qwKHJWD1FgvskxKrtUr5QndDtXhVvqWl,Freshio Gelato,0,1,0,0,0,0,0,0,1,0,Silky smooth…,2023-02-26T00:00:00,['blob:https://www.facebook.com/63759e7a-c81e-419c-b006-6d118b30df52'],https://scontent.fsin16-1.fna.fbcdn.net/v/t51.36329-10/332752608_613234007292481_8550778065567379510_n.jpg?stp=dst-jpg_s960x960&_nc_cat=107&ccb=1-7&_nc_sid=1a7029&_nc_ohc=2kvGR7yB3SAAX9Ri60U&_nc_ht=scontent.fsin16-1.fna&oh=00_AfCyByIv_hphhY_njtCOLPBfBn-G0IkHfTvne6_eFCVVNw&oe=65398C7B,https://www.facebook.com/freshiogelato/posts/pfbid02iqnAb6RE6rM6zTEPuV5J3pTD9PdUywyS5qwKHJWD1FgvskxKrtUr5QndDtXhVvqWl?__cft__[0]=AZVnzxVLKuLU-OVnipSSt-8LLyeMUz0CybM1TQc2SkB1QZwcd3fxqOGBiTMkPOwoiIbbITGKozQtmDKEfCGfejuPqJAUSRl87NFjsb0okEd_ZUwoxJKKArofngw9EV-kgcrwm45UyTKkEZv090YR1ULcdlUvrZYvfWTl81zmSI_tJevRjJqtjq-gJe6vYLA62Bjaj_mk5TOU2LiCYXvQuErVH-OwHL_bu3TfjSL9Kt1z1A&__tn__=%2CO%2CP-R
pfbid02X1B8tvQ9SaVnhAQxjRbmDJ7RUN2WRTfnSVH7gSu39VxKV5PixqBazpBs8M3PH6iKl,Freshio Gelato,0,1,0,0,0,0,0,0,1,0,,2022-12-06T00:00:00,['blob:https://www.facebook.com/0d38c378-7dd6-4d2c-82d8-1873f2be5d8d'],https://scontent.fsin16-1.fna.fbcdn.net/v/t15.5256-10/318419892_504323481483223_1528701912737169160_n.jpg?stp=dst-jpg_s960x960&_nc_cat=101&ccb=1-7&_nc_sid=1a7029&_nc_ohc=y_of9pXJj3AAX8e4F92&_nc_ht=scontent.fsin16-1.fna&oh=00_AfBdST1r4HI2Ng3_68eNQf2bfaC-gyk1wr7jiVvwL1WDfw&oe=6538A4D7,https://www.facebook.com/freshiogelato/posts/pfbid02X1B8tvQ9SaVnhAQxjRbmDJ7RUN2WRTfnSVH7gSu39VxKV5PixqBazpBs8M3PH6iKl?__cft__[0]=AZUtulwI-eq68APpHOXc0jTtSoJSTb64F5--kqgRQGoPUgIxRdTe-c9yoATLr-ATP-cN3MoA8fH-6vpplN0qFgZx-6i0PIHrlFY1DA6CqOcPtrzyHWk1KQ_9sMeWryWkz2xIDgJBp2H4xLxFfIE0QgOSQHsHPh-Vzw6Pwr0VGSKAXjFdBTR3pv477OO68W-_AOupJYmPg1vK0aPtIHjaRfiXgle0ue8shH7VY3u2cbUDhA&__tn__=%2CO%2CP-R
pfbid02SX374Acz4nEfSRfRz6Gh3fCfbsoJ4bKxUDqGJJVmEja96ca7eYiJ7gizdRnraoCQl,Freshio Gelato,0,2,0,0,0,0,0,0,2,0,"Mdm complaint about my burnt dalgona sugar! I’m sorry Mum, I made this for myself not for my customers! Feel free to ask Mdm for dalgona sweet and taste for yourself if it’s burnt….#dalgona #dalgonacoffee",2022-08-11T00:00:00,[],https://scontent.fsin16-1.fna.fbcdn.net/v/t39.30808-6/298744756_3237075179944923_9112792003996772359_n.jpg?stp=dst-jpg_p526x296&_nc_cat=102&ccb=1-7&_nc_sid=5f2048&_nc_ohc=tSDh5sPUhEIAX9JWiZK&_nc_ht=scontent.fsin16-1.fna&oh=00_AfCFFKJDRDQw-0HADkFLmOT96SGN4LA1ujlOFHhJtrMMuw&oe=6539D788,https://www.facebook.com/freshiogelato/posts/pfbid02SX374Acz4nEfSRfRz6Gh3fCfbsoJ4bKxUDqGJJVmEja96ca7eYiJ7gizdRnraoCQl?__cft__[0]=AZVWnw40MKx0glzJMXGDb4wcU3Q9LP3MaUouO9cVGhaRaqo6OMCfd6W2iwhKD8QB0qlx4_jC_iViYdK32PVhAWYBsDalz1MapDrKm2uc5oB9txkfInH3YKIibORAkE9ll7CA1tH_ct0QtNdihrEnde0JFjaqfRV7v2d-R9trgFFFNRjz11Cqo2D47mffdZDsv9sRH3WLqmPy1F3LR9hEca02&__tn__=%2CO%2CP-R
pfbid02YwE1erkuwxY2ET5vt422muQGCcdgadgF3ARJ91HwDbNbRQtsCtv6Xr2CwzovZ57xl,Freshio Gelato,0,3,1,0,0,0,0,0,4,0,Salute to Singapore!! Uncle Tan doing his salute to Singapore! Bam!#happybirthdaysingapore,2022-08-09T00:00:00,[],https://scontent.fsin16-1.fna.fbcdn.net/v/t39.30808-6/297239293_3235710950081346_8548522556188834782_n.jpg?stp=dst-jpg_s640x640&_nc_cat=106&ccb=1-7&_nc_sid=5f2048&_nc_ohc=37IbXxpqpvQAX_5UBOD&_nc_ht=scontent.fsin16-1.fna&oh=00_AfBmyxh4t2NmWs_alN0W5out5H2dg8eVB8fpm97sHnJyGQ&oe=653A4318,https://www.facebook.com/freshiogelato/posts/pfbid02YwE1erkuwxY2ET5vt422muQGCcdgadgF3ARJ91HwDbNbRQtsCtv6Xr2CwzovZ57xl?__cft__[0]=AZWF8pMD2zqq2gEzjlv8XRE39NG2YxcotJ8Mwwvl2n3k0V36MLxwOz2nJMzmz-m0e3QoObFRFDImw86W9uXYvyS-uBAxPciLaK9_MmRIFxBXOMsAWXEipNDFUFga796nISDczc4X1EVZK-lDSzfNHYrmRt02nq0JtE8k5GSmNJ_Bcy_c1SrOYtifyRLPP54BaUAJ9cwIq3Rl0FGY_qfCKR9X&__tn__=%2CO%2CP-R
pfbid0gAV39MiyEJVNx8iEeRHmNwmDxM87teaUUpoRYs9xmFpbZdqAfL1nTqKbgxwnJhLhl,Freshio Gelato,0,1,0,0,0,0,0,0,1,0,#freshiogelato #nationaldaysingapore,2022-08-09T00:00:00,['blob:https://www.facebook.com/322ec8d7-3a67-4acd-8d95-2d39ab0d9f1e'],https://scontent.fsin16-1.fna.fbcdn.net/v/t15.5256-10/296965136_1925982797592727_8951583928188987682_n.jpg?stp=dst-jpg_s960x960&_nc_cat=111&ccb=1-7&_nc_sid=1a7029&_nc_ohc=eunuX1F4658AX8Cj8j8&_nc_ht=scontent.fsin16-1.fna&oh=00_AfDRMLv1DIipQYgoiHt_Ebt79d2pnt7BLCb1KU6dYPKi3Q&oe=65396836,https://www.facebook.com/freshiogelato/posts/pfbid0gAV39MiyEJVNx8iEeRHmNwmDxM87teaUUpoRYs9xmFpbZdqAfL1nTqKbgxwnJhLhl?__cft__[0]=AZWUKcmEeLI4laVsWbtKe_OSxUOEpe8ROsi0CsQA2POu6q_OyAy4OcieSpdZq0aP5l7O95etJ2MH2YHoWeDKtwumUj_y9w9VZHLsk0iKpymvuDsPpN7ziod5npXI-Y0pS8qXyeJrkBo7XiHzxsQPaCECYKkXOOPeFLWa5J4wfCzyK8f5Scb-X-JSw1nErWDlE520OA8Hro0DbkBXj9Mk_8Yd6PSe7HxisBO1ZzicJJVLYQ&__tn__=%2CO%2CP-R
pfbid0QY9bpBYErJtvkMQhypo48nqcMrxokULgGZvPpv6FLsynhjwjGLj22NUMscPtSRPFl,Freshio Gelato,0,0,1,0,0,0,0,0,1,0,,2022-08-04T00:00:00,[],https://scontent.fsin16-1.fna.fbcdn.net/v/t39.30808-6/240511121_2990489691270141_2369407848795446762_n.jpg?stp=c0.7.526.275a_dst-jpg_p526x296&_nc_cat=109&ccb=1-7&_nc_sid=5f2048&_nc_ohc=6L3qpTf7MIYAX9JuoKx&_nc_ht=scontent.fsin16-1.fna&oh=00_AfBRfk4_Zl85ic6P8VSBZt73B8Wntt0Hc2ouVnjvVkyr3A&oe=653A13EF,https://www.facebook.com/freshiogelato/posts/pfbid0QY9bpBYErJtvkMQhypo48nqcMrxokULgGZvPpv6FLsynhjwjGLj22NUMscPtSRPFl?__cft__[0]=AZVlvyB9cPgMhY43N5xnTFOugoQA3IQ75iYUavTih1miicp57HSeHJ3sG9G64Xl7GIz0TjoBf_jlhUqLLxRdFfo8xCDblmL9NxxZ9EptX8z-2SKl-zFqeLd1flS31jqZDJjfRvJSbjP0cf1V3MZsPdzsNFwOUD61gm7X-5rIi6JAisi5FfWoLPfpctK8sILvHnDj5trJ3JPOAoxjfYfVUG3a&__tn__=%2CO%2CP-R
pfbid025P3Z8Fc82V5T3rkfbvuadbBdJ35yvjBo3no58QAE7Ae4vgTqLMejStFbsvbh7iuhl,Freshio Gelato,0,2,1,0,0,0,0,0,3,0,,2022-06-01T00:00:00,[],https://scontent.fsin16-1.fna.fbcdn.net/v/t39.30808-6/285456027_3182814288704346_3285486705429121087_n.jpg?stp=dst-jpg_s600x600&_nc_cat=105&ccb=1-7&_nc_sid=5f2048&_nc_ohc=F7fEHrSQ7LcAX8CAGwW&_nc_ht=scontent.fsin16-1.fna&oh=00_AfBCTribs4RLXjKho84aA9Khtq4fX8uJmzKLDEynKDuHcA&oe=65396E36,https://www.facebook.com/freshiogelato/posts/pfbid025P3Z8Fc82V5T3rkfbvuadbBdJ35yvjBo3no58QAE7Ae4vgTqLMejStFbsvbh7iuhl?__cft__[0]=AZVEUS-pDmRGn4gJXLbz4dVWS0ZbC3DWCMo2sVVVvTOgoySDN4hIzqkUJwm8bI1RGyDn8SGi8C1ruYypZz6t-KQdSAnbad2F6pEvcu5tz8k8F-tDYDHYH3mvLNS-iOO4rQhBk6baTpIgx7lSFdfhVSmp6x0o9T1Ii6cyNHP5UZLOD8Hmnc81ivK8xfMf1ArSs6ymklr8m5hvoVvamqo9WS8_&__tn__=%2CO%2CP-R
pfbid0z8EpHNW37CsQB4eM2rJAF17EnXUqHsUzYpa7bjpXM7DKKcZfxT89VQVSnBDpgHGQl,Freshio Gelato,1,6,0,0,0,0,0,0,6,1,"Watch till the end on Freshio, a pit stop during a hot sweaty afternoon. Also, a nice outlook for what to look out for along beach road.#ghibojisan#gelatoCredits: Ghib OjisanThank you for the videoSubscribe to his channel onhttps://m.youtube.com/c/GhibOjisan/featured",2021-12-21T00:00:00,[],https://external.fsin16-1.fna.fbcdn.net/emg1/v/t13/16228819326713872378?url=https%3A%2F%2Fi.ytimg.com%2Fvi%2F4TGNRnSJv2E%2Fmaxresdefault_live.jpg&fb_obo=1&utld=ytimg.com&stp=c0.5000x0.5000f_dst-jpg_flffffff_p500x261_q75&ccb=13-1&oh=06_AbEaIdoyd2QZXDqgmBEGs6sA_0WCMLS3wBXyxiS7oS4v2w&oe=65362426&_nc_sid=dbad39,https://www.facebook.com/freshiogelato/posts/pfbid0z8EpHNW37CsQB4eM2rJAF17EnXUqHsUzYpa7bjpXM7DKKcZfxT89VQVSnBDpgHGQl?__cft__[0]=AZVPAKsoRo3gaZ616Plr4VXhSZTgHlIZ5GUIWXQ2c2nEAIx-h0EaOIdL1KyiO5wyjPHAJUzg40e-z3f6l46tZsk2blhPweItBwfA6DpvC8dHlw3kFykuQrwbULkKokeMu6hY8ydQmcUMGZvzLFDQTBql6dXHeDwpgVYRlYzVt1M1eLFxR96I3iBRetNu07NY6FFjAWuHDdKD-6SFKlKiWJYi&__tn__=%2CO%2CP-R
pfbid02qLZ7GJFgybcuxE4XLUgW4gVCCTcczo7uK1dEbFqm76HTeeJPiiL8KxXm6hH1CRs4l,Freshio Gelato,0,6,1,0,0,0,0,0,7,2,Save and flash this offer for a one time sampler cone to try our flavors! Two classic “out of this world texture” gelato in a cone for just $4.90. Don’t miss the chance today on 11.11. Xoxo,2021-11-11T00:00:00,[],https://scontent.fsin16-1.fna.fbcdn.net/v/t39.30808-6/252351063_3031672440485199_208078338199617377_n.jpg?stp=c0.141.526.274a_dst-jpg_p526x296&_nc_cat=109&ccb=1-7&_nc_sid=5f2048&_nc_ohc=CmdgcIzTtf0AX8a4kxZ&_nc_ht=scontent.fsin16-1.fna&oh=00_AfDHiJEkTiVGectVW3EuynYY3XPP_w0yllEk0sSsLNDj-Q&oe=6538BFEC,https://www.facebook.com/freshiogelato/posts/pfbid02qLZ7GJFgybcuxE4XLUgW4gVCCTcczo7uK1dEbFqm76HTeeJPiiL8KxXm6hH1CRs4l?__cft__[0]=AZW3UCz9GHkwQPWtoPLKbKe-_lxrhkj7B5BjHD6m38yraj2JJdafW1VzXCwdWG0zJbbpb5NpwNKf9KZe7ZyBw5Hx5-INQ5kwTSzVSaaKoZsXbMm2tXw9zZtBJZ4xD3IQo6IKKP1ZIo87qTi_FMrNyNyRUtQcJiaTKVaJnJ8fSTKPCvC3oSHC6oVo4IA9sdl36Qs8ZUF9tA69OjuBwKaue7v3&__tn__=%2CO%2CP-R
773044790433070:773044790433070,Freshio Gelato,0,4,0,0,0,0,0,0,4,0,,2021-09-17T00:00:00,[],https://scontent.fsin16-1.fna.fbcdn.net/v/t39.30808-6/240511121_2990489691270141_2369407848795446762_n.jpg?stp=dst-jpg_p180x540&_nc_cat=109&ccb=1-7&_nc_sid=5f2048&_nc_ohc=6L3qpTf7MIYAX9JuoKx&_nc_ht=scontent.fsin16-1.fna&oh=00_AfAdq-cu40cc36NKuRlX1XVRqaXG-cbHHC7bgZvd_vmi5A&oe=653A13EF,https://www.facebook.com/freshiogelato/posts/773044790433070:773044790433070?__cft__[0]=AZXtQcvcrS3VUOU2ADIuz1BuRFo5ngapEM08Nzf3RzIeFCOhXE9PGbGRHbzKNU_YSTLKFkL0E2YyYr5vIsD_Ry0FYLxmQnBGSwkZG0FI_O1ublxz4zo08ZyuaWMJLWK1q4Wc85AX0Wec-PMsbW7_G6-4pG0lNltMcJ3XcVEPuNvf8Llj5eM3XX7i7aY9Zyx9udMxk3FIAOBOgg8UHZOOPQ2u&__tn__=%2CO%2CP-R
pfbid02hTWZfNKyb3twNq9D75p4FN2aWqt9cazFHeU4vHVh5TxBTpt3mvKJpyfvuHXShg5hl,Freshio Gelato,1,2,1,1,0,0,0,0,4,1,Upgraded our labels from handwritten to a new label machine. Welcoming customers to place orders with us. Call or visit our simple online form and place order via WhatsApp. https://take.app/a/freshiogelato,2021-08-11T00:00:00,[],https://scontent.fsin16-1.fna.fbcdn.net/v/t39.30808-6/234632400_2963000024019108_9193939046952641393_n.jpg?stp=dst-jpg_p600x600&_nc_cat=111&ccb=1-7&_nc_sid=5f2048&_nc_ohc=sEZcaUSne-IAX8uJIuw&_nc_ht=scontent.fsin16-1.fna&oh=00_AfBtuDFKLlAvCkHy26fFVrCE3QNrvyXZKUJ-MvS_DYvFeQ&oe=6539F014 https://scontent.fsin16-1.fna.fbcdn.net/v/t39.30808-6/234410892_2963000017352442_3984613639027220000_n.jpg?stp=dst-jpg_p600x600&_nc_cat=108&ccb=1-7&_nc_sid=5f2048&_nc_ohc=xcy1IFuygM8AX_4PKbc&_nc_ht=scontent.fsin16-1.fna&oh=00_AfAgHgcU7MWCwDaz7P4eNOYZEaDIi-H_MYmppnUF78F6yQ&oe=653A5B36,https://www.facebook.com/freshiogelato/posts/pfbid02hTWZfNKyb3twNq9D75p4FN2aWqt9cazFHeU4vHVh5TxBTpt3mvKJpyfvuHXShg5hl?__cft__[0]=AZUr9VQr2bWEvvi2IU_CY4VvjuPLFp8P-d7LrGqJDGGA-XGyczQXuDE3xn-VhGmG7JzECa4ccXNvkGfdb4NFTQZwCNkavGukNApOd543jkjgo3CIP6wtsvOi6B7Q_r12j4jvbDwix62jACbzghaVM4JwAPz4T67OVoAcTRGMQEhfsBW8wuMR_vDNXyshePq_sVkV-qUokW7NQaxB9yd-qfJR&__tn__=%2CO%2CP-R
pfbid0v6kMHJWz6NoJwy6cXFWPVtDESHZLXcQDFW5dGDsEwjtfYGb1YRdmfrCHxGTJ58S4l,Freshio Gelato,0,6,1,0,0,0,0,0,7,1,"Yay, finally we have received our new gelato display. More flavors for display. Share our happiness with everyone . Cone on by for the unique experience of our gelato!",2021-08-03T00:00:00,[],https://scontent.fsin16-1.fna.fbcdn.net/v/t39.30808-6/229753866_2957073391278438_8023741719599212258_n.jpg?stp=dst-jpg_p526x296&_nc_cat=109&ccb=1-7&_nc_sid=5f2048&_nc_ohc=J8HghyfEtBAAX-PirAJ&_nc_ht=scontent.fsin16-1.fna&oh=00_AfADoT47VFdDsOC482m2tX--FUKmhh3GoVvj4F5dv9LaVQ&oe=6539ECFC,https://www.facebook.com/freshiogelato/posts/pfbid0v6kMHJWz6NoJwy6cXFWPVtDESHZLXcQDFW5dGDsEwjtfYGb1YRdmfrCHxGTJ58S4l?__cft__[0]=AZWk2f_HxGHnJ3DuYSIgVXeX5gihRCMDbiA2bzt6Mt3MgSUUSBF5I8rx6CdOONF3w3wJt5Hqe7PFxJQEHm8I8Xh8zCRM_Y1URs7HWZywZmjhNqHUuDvSW1qXYQGxJIfjEZdbNFLRVpAsOUAgmLNZF1RSI9bWcfWxEUrr21lOx0QwHAlprfjjVkpDpGAPKQqOS6M-lTuekhnPK2F-6ARj-eVj&__tn__=%2CO%2CP-R
pfbid02oUsbpU5ubuNprxaxqZ1bu9foWieUpxKcX4RAgfDrjKs6SzDU2Hawr3Fawjr2Khwwl,Freshio Gelato,0,2,2,0,0,0,0,0,4,0,Like a Tiara waiting for the right suitor… Tiramisu Gelato with Kahlua Liquor waiting to romance with you. ,2021-06-13T00:00:00,[],https://scontent.fsin16-1.fna.fbcdn.net/v/t1.6435-9/192512992_2918748158444295_6582410372190110545_n.jpg?stp=dst-jpg_p526x296&_nc_cat=106&ccb=1-7&_nc_sid=810d5f&_nc_ohc=vdY9gaBOVPMAX_aWtcn&_nc_ht=scontent.fsin16-1.fna&oh=00_AfC6uN-M2Jfp421U2yRAy_oF2l6Z814H4Te2dADPJphJVg&oe=655BED34,https://www.facebook.com/freshiogelato/posts/pfbid02oUsbpU5ubuNprxaxqZ1bu9foWieUpxKcX4RAgfDrjKs6SzDU2Hawr3Fawjr2Khwwl?__cft__[0]=AZUXdOZ-quXfywgt1dRwI9jJBW5AV3ZNcdnUl9e3j0vmq6fI11s0_UM46x_y493p7HQCOy8Rs7n06ZtYw05YvekIV_49TS-BTV59WdkbvAn7sspAxGygp0IFhX3nJnLJNHhcZVwQItnwrKyj5Mo5HfNLivBerzJfD5FllG4ZBwqyaa3qwwSdqQV90OKH25K8DDzpdG3KUy8UZ8lQHBmREyOH&__tn__=%2CO%2CP-R
3428648834029512:3428648834029512,Freshio Gelato,0,0,0,0,0,0,0,0,0,0,,2021-04-18T00:00:00,[],https://scontent.fsin16-1.fna.fbcdn.net/v/t1.6435-9/172631327_2874736499512128_7748279845647329077_n.png?stp=dst-png_p180x540&_nc_cat=109&ccb=1-7&_nc_sid=300f58&_nc_ohc=CsYdULLGs7IAX_tfFrL&_nc_ht=scontent.fsin16-1.fna&oh=00_AfBXIWfwveubB3o4TrhXHdP7CLpfy444C_-YpqNRy32Y6Q&oe=655BCA95,https://www.facebook.com/freshiogelato/posts/3428648834029512:3428648834029512?__cft__[0]=AZV02xPqaLReCDp1wYBwPT0LGdqwtYcr0Z1GXMdXWxR2IvnH0TnN0SsmBc4TL6FRKCJj5IdiNGQXZ_GSp6hrUqDMJUNVhGQBNPbPvY8Dh3iQLI4XtV-YeynRMgokglytFfnhw2IydsxkOHFog5XpDkj2hoa1sD0f0IFm6cmeuR8UokQXOAl0LWGvvbu4Q1yJs-NXDK0aauNGAxQh2bIetp_r&__tn__=%2CO%2CP-R
2874732379512540:1264803814334015,Freshio Gelato,0,2,0,0,0,0,0,0,2,0,,2021-04-18T00:00:00,[],,https://www.facebook.com/freshiogelato/posts/2874732379512540:1264803814334015?__cft__[0]=AZWbh5AAU40uvs8w_Gb4y6w3iWAjrJnJ7wIzb39V6vLF5Pl1feM5Zt0nT5vCrHVt4IAYGSyPkeQb_a38Q3MGsv8sPXwdjIpDWWT_AVGmrbFS4pMsR_nCEKndHKbr6XayTHcpADOhQ2-N805VxpPfwzA5YkGVQ9F42x7Qz8MhEL3haPW8lxO_BCrDIdAMP41zkzy3KZq5MS4f57MEeMz89dz4XG_ccTGkvLYziayuWbDCbw&__tn__=%2CO%2CP-R
pfbid0ij7qhxH8uCNZDLkPSR6zEpq6AMa5vAupfnXSmDGERBURRE3cLKkqXnctjXzuJx5al,Freshio Gelato,0,5,1,0,0,3,0,0,9,0,"We are moving! We are currently preparing our new place, and will announce the new location and opening date soon. Unfortunately, at this point of time, we will not be operating at Serangoon outlet. We truly apologize for the inconvenience.#moving #SgNewLaunch #sgfood",2021-03-26T00:00:00,[],https://scontent.fsin16-1.fna.fbcdn.net/v/t1.6435-9/163235549_2856284068024038_4032966064276821513_n.jpg?stp=dst-jpg_p180x540&_nc_cat=103&ccb=1-7&_nc_sid=7f8c78&_nc_ohc=YeAy_9vR97cAX8dB8pY&_nc_ht=scontent.fsin16-1.fna&oh=00_AfCl_GyxoDB5iZGDqVBlvOq-hrYP9EyZqI2yDMp4ryFuHg&oe=655BF882,https://www.facebook.com/freshiogelato/posts/pfbid0ij7qhxH8uCNZDLkPSR6zEpq6AMa5vAupfnXSmDGERBURRE3cLKkqXnctjXzuJx5al?__cft__[0]=AZU3_ZunZJMpD8sClf2xjeL2pe5V4L0Tm0U3k_HwJOfvMbz_q07tblDnbdI0_-MnMMJOoIyJ28RLD25uOxM6wc--SNLDjzN-t3sGhtR6vqGAMEHOmUdXngAUC4mKeUxDCk6s0OM8jebuCThCH0pQwlSOMyw0GkqKIHRDO3HstUSloRmCmjaJWH3Qhx48CxbkOZoyuG-DkNNXtpunurVADEWJ&__tn__=%2CO%2CP-R
pfbid09i7ufQe9nAdUsyqJhADk97p2NXQpjL1vDVCaSNbRo3E5Cn1DgViGkSVBPw38cHRQl,Freshio Gelato,0,3,0,0,0,0,0,0,3,0,Affinity wishes you a Merry Xmas and Happy new year!#merrychristmas,2020-12-24T00:00:00,[],https://scontent.fsin16-1.fna.fbcdn.net/v/t1.6435-9/131615602_2781596952159417_7993368648834181516_n.jpg?stp=dst-jpg_p526x296&_nc_cat=101&ccb=1-7&_nc_sid=dd63ad&_nc_ohc=2U8M3UIWfwwAX9Ozvyt&_nc_ht=scontent.fsin16-1.fna&oh=00_AfB8q2y4uwbqFdfFpdIJ5N3rrC1kPwtMjj0ro6ybGD3Xkg&oe=655BDCEE,https://www.facebook.com/freshiogelato/posts/pfbid09i7ufQe9nAdUsyqJhADk97p2NXQpjL1vDVCaSNbRo3E5Cn1DgViGkSVBPw38cHRQl?__cft__[0]=AZWlIb2iEXeL1DId7PbKmfxGedFVq-gek0W4HEskCKehpJnxYb4cEyXIfkCRBEL5-0VTFh_flCbR7gelpJCdjdkT-zvbhPkHFaSds7iDU-vH03KDxH6SrL2NFAfxXosc7_MRTVPNZDkL9BQmiG5RUyDADT0aKv2tGFTDiKlwGxFHueFVE3_GzztOmOuoVk8T0TiXmxo3vwNSVkyPDAyvCr7O&__tn__=%2CO%2CP-R
pfbid0jvU5DtB8Fsn5nAoS2mKWTsSuAUYqDJDPsYujF3Hp8uw83NhFcwX4zchFkydfNkdxl,Freshio Gelato,0,1,0,0,0,0,0,0,1,0,Wishing you a Diwali that brings happiness prosperity and joy to you and all your family. Come on by for free Croffle with every premium gelato ordered. While stocks lasts! #diwali2020 #diwalicelebrations #sgcafe #sgfreebies,2020-11-14T00:00:00,[],https://scontent.fsin16-1.fna.fbcdn.net/v/t1.6435-9/125069156_2746554005663712_3078446056502005094_n.jpg?stp=dst-jpg_p526x296&_nc_cat=102&ccb=1-7&_nc_sid=dd63ad&_nc_ohc=Clc8c0_4N3cAX_ujxTu&_nc_ht=scontent.fsin16-1.fna&oh=00_AfDXfOTe3BfK1Iaz6nkTx4LdQTIUHZ54Zujx5AEbUXXTcQ&oe=655BE8DD,https://www.facebook.com/freshiogelato/posts/pfbid0jvU5DtB8Fsn5nAoS2mKWTsSuAUYqDJDPsYujF3Hp8uw83NhFcwX4zchFkydfNkdxl?__cft__[0]=AZWMIsAK179lohmOC3NS_nvreyk1Oxvn95brbDVaM8JBHvahttzW8DpgquRA5Q2NscVGpE7uorUEp2ogpe1AIIjM_tEdVlJffgiwGta2tDOiHft34U9ldiQum9kEIlp3uI3AcXJ9LEGVpZnQ80CSkqbUDCG98784MS-A5KLXBT_aw8aPD8qoYBhZmbNWhd83qYYoNWsJE7tSZUxHl8DMGvt8&__tn__=%2CO%2CP-R
pfbid0z4dnegbUUHexgndSc2wTyB2Wqumg2L6P9s6htkMWoK8wvibfJnHr7QpNkaDeVRtFl,Freshio Gelato,0,3,0,0,0,0,0,0,3,0,"It’s the weekends again, we have something new to feature. Come by for a croffle, if you are wondering what it is, we are giving a free croffle with every gelato order! Who doesn’t like a free YLT? Yummy!!#croffles #sgeats #sgfood",2020-11-13T00:00:00,[],https://scontent.fsin16-1.fna.fbcdn.net/v/t1.6435-9/124813760_2745737525745360_5177042002387317918_n.jpg?stp=dst-jpg_p526x296&_nc_cat=105&ccb=1-7&_nc_sid=dd63ad&_nc_ohc=miJgFT__FwMAX_w7krC&_nc_ht=scontent.fsin16-1.fna&oh=00_AfAJBAwx4tCi-A73sdgXBnWeAnfXFigRio5kqQLA3CqB8w&oe=655BE559,https://www.facebook.com/freshiogelato/posts/pfbid0z4dnegbUUHexgndSc2wTyB2Wqumg2L6P9s6htkMWoK8wvibfJnHr7QpNkaDeVRtFl?__cft__[0]=AZW5Nb7NjOnIBfi-WDsdu_lSEzAKGLvmLk0AOyoIMz7-4LF4hWSQwdFDiswCT6PL5xPkvYD9ohLUnSZ_9jyikRMvDDnIyAIXG7MlcP2ll90JvLVBBHso-Yyf_2_8ZSR38MOxQIEXLRdmLKyLslhqTHGa367wshUQOPT1jMKQ2NWt0SrJv1aV6myUKFCKlWtaClinMK6bGt_AgJwZ4cPOlqIo&__tn__=%2CO%2CP-R
pfbid02da6oZ4Z9S9xNP7rHVHAAYaTn33Dr8Pf2nzBbcNbTwK9RasVZp2Tm2PRGqs8Q2h4Tl,Freshio Gelato,0,1,1,0,0,0,0,0,2,0,"Croissants available daily! All the nice buttery flavor not to be missed, pair with a nice latte for the ultimate weekend fix.#sgeats #croissant #foodsg",2020-10-31T00:00:00,[],https://scontent.fsin16-1.fna.fbcdn.net/v/t1.6435-9/123382464_2732684897050623_8102678355664966167_n.jpg?stp=dst-jpg_p526x296&_nc_cat=109&ccb=1-7&_nc_sid=810d5f&_nc_ohc=CEK9nFStMKgAX-2IgxM&_nc_ht=scontent.fsin16-1.fna&oh=00_AfB9PxCoID4p-lkN707h_nCOgYaB2NfnC3TNfXXb6oVoXw&oe=655BF47C,https://www.facebook.com/freshiogelato/posts/pfbid02da6oZ4Z9S9xNP7rHVHAAYaTn33Dr8Pf2nzBbcNbTwK9RasVZp2Tm2PRGqs8Q2h4Tl?__cft__[0]=AZWUOhORLY5vuZMG4LsWw8x05uqsyG79MkvmJ_ftl66zPoNvy2zPVqT9SuYlt4frDeVVksLbBl2tGQnBmINq68ynnqDtrTxsHDkAti8r-_yY4mNO36qs7Gf2WU5TYHqBwtw5hQUeCQg-mHEuf1EXg2JZQV3KcHejsgP0d9HIlx2ckkWynEnlM6c1lTLTXq0A8zULb04uK93uwXyBSDYPaL7V&__tn__=%2CO%2CP-R
2607566422895805,Freshio Gelato,0,1,0,0,0,0,0,0,1,1,"Preparing for Phase 2 in the days to come. We are still around, please continue to support us and share. ..#sgunited #dinein #savefnbsg",2020-06-15T00:00:00,[],https://scontent.fsin16-1.fna.fbcdn.net/v/t1.6435-9/101982195_2607566426229138_4392106833149775416_n.jpg?stp=dst-jpg_p526x296&_nc_cat=101&ccb=1-7&_nc_sid=c2f564&_nc_ohc=u5LPs0O6OkMAX_Cw1RD&_nc_ht=scontent.fsin16-1.fna&oh=00_AfBHBDzH5Klyc1Egcrhg9KyaEDmT3BovOdNysiEEqh7Fzg&oe=655BD30A https://external.fsin16-1.fna.fbcdn.net/emg1/v/t13/2243379479211080093?url=https%3A%2F%2Fmedia1.tenor.co%2Fimages%2Fe3d1f7e715553d8a1ea0df79f6335bed%2Ftenor.gif%3Fitemid%3D13347383&fb_obo=1&utld=tenor.co&stp=dst-gif_q75&ccb=13-1&oh=06_AbGt0uOnfcbIyJZuCiqHUX_YU9YlhzJpheJ4czWzESpCBw&oe=65363A93&_nc_sid=645d17,https://www.facebook.com/freshiogelato/photos/a.2485194118466370/2607566422895805/?__cft__[0]=AZUvB4MgIZCVtT11s34ebttvdJ-bC-E9aW5fepVGnC7-MV6RxpbSuiFuHS1aL8lMJzVtXZ4AaY9DJC0c5K-RRTaEbUbvFUUOCGeNJfNPf2qpO-HrC39OdIR66euJCmifUf9UGRE2o2ERkFFC9Gxq2lh_3dMrxi43p2wY2CvgOmZEwYgOiJVz8a6ikiNiMjEA-cIQawA6TMJKNdGN8uIsi_tE&__tn__=%2CO%2CP-R
pfbid02NGDsMNZRnmnjHRPvn7hZdUPmqy4BvqoXZXhQFbU3Dbm1UuA2DeUmq5sNbByZ51Wsl,Freshio Gelato,0,2,0,0,0,0,0,0,2,0,"Afternoon tea break at home is just a call away. Order on Grabfood, Foodpanda and Deliveroo.#grabfood #foodpanda #deliveroo #dalgonacoffeechallenge  @ Affinity Family & Friends Cafe",2020-06-07T00:00:00,[],https://scontent.fsin16-1.fna.fbcdn.net/v/t1.6435-9/101691449_2599918720327242_635943887905099587_n.jpg?stp=dst-jpg_p600x600&_nc_cat=106&ccb=1-7&_nc_sid=810d5f&_nc_ohc=fJh6nXsvN7IAX_sRXWv&_nc_ht=scontent.fsin16-1.fna&oh=00_AfC2MitukF5C806or9SxOHWJzaXk4Wr86aJPH16_FTMhEQ&oe=655BEEE6 https://scontent.fsin16-1.fna.fbcdn.net/v/t1.6435-9/101688789_2599918760327238_6904484723275369517_n.jpg?stp=dst-jpg_p600x600&_nc_cat=102&ccb=1-7&_nc_sid=810d5f&_nc_ohc=OQGtq2W75XYAX_6oSby&_nc_ht=scontent.fsin16-1.fna&oh=00_AfCDmCg6Tx2YZhVvsaIjCxagQI-71CuH5HF4scNJ4Tgf8A&oe=655BE855 https://scontent.fsin16-1.fna.fbcdn.net/v/t1.6435-9/102735317_2599918806993900_6623047146948630051_n.jpg?stp=dst-jpg_p600x600&_nc_cat=109&ccb=1-7&_nc_sid=810d5f&_nc_ohc=daUxeNtoRkEAX9O8F1u&_nc_ht=scontent.fsin16-1.fna&oh=00_AfAKsxQM7H4SbyfL7A7o6qaMh_qtJeDD3d19-NUiXrGf6Q&oe=655BFCA7,https://www.facebook.com/freshiogelato/posts/pfbid02NGDsMNZRnmnjHRPvn7hZdUPmqy4BvqoXZXhQFbU3Dbm1UuA2DeUmq5sNbByZ51Wsl?__cft__[0]=AZWPogGX-wtj-_dozbmixx-9THAfMRIT8pR5pY8fupeaNOPHsLhN-pTy8yidWnUDsc91dPjNgTfNBy6dyuqwv61TuQyg9DfF3p5COBe3u9CDq5ZUqnZgioRgs6kDFLINCQHPSi_XXWUA4RekXBY1jABThUn3LzwidJA-m9p51DjiVx5EwFpNbnnAAasjmkAvbL19jdm-Isyu5UWHJTF04v4n&__tn__=%2CO%2CP-R
pfbid028hFhRiJN7iKoemvp5GsSvo3q7r92Ax9AkzT5yVRFgLr16iNbsdoLtmRBDpRSXtQ2l,Freshio Gelato,0,2,0,0,0,0,0,0,2,0,"Catching up with homemade, affordable pizza to keep everyone comfortable in their home. Call in to place order and pay using convenient Fave/Grab. We will deliver to you islandwide with free delivery for orders above $50. Or order line through foodpanda..#sgfoodunion #sgfooddiary #serangoon #foodpandasg  @ Serangoon, Singapore",2020-04-15T00:00:00,[],https://scontent.fsin16-1.fna.fbcdn.net/v/t1.6435-9/93183203_2553321044987010_4398257862149668864_n.jpg?stp=dst-jpg_p600x600&_nc_cat=107&ccb=1-7&_nc_sid=810d5f&_nc_ohc=TUqCc8tOyTwAX82fNdO&_nc_ht=scontent.fsin16-1.fna&oh=00_AfCr4PLDmVdpqP-noCNtTH0_8csPPHyvEo8pczmTGvaPAw&oe=655BDAB1 https://scontent.fsin16-1.fna.fbcdn.net/v/t1.6435-9/93520465_2553321081653673_246722867310362624_n.jpg?stp=dst-jpg_p600x600&_nc_cat=106&ccb=1-7&_nc_sid=810d5f&_nc_ohc=V-jSju68BJ8AX8s7fBB&_nc_ht=scontent.fsin16-1.fna&oh=00_AfCXhb2ywMSS78Uxd9sroQ_WVXQSLGVPpoAAzJkoLzmlpg&oe=655BD1C1 https://scontent.fsin16-1.fna.fbcdn.net/v/t1.6435-9/93060886_2553321128320335_7233204124555149312_n.jpg?stp=dst-jpg_p600x600&_nc_cat=110&ccb=1-7&_nc_sid=810d5f&_nc_ohc=OC8uEoR6JRAAX_szVZg&_nc_ht=scontent.fsin16-1.fna&oh=00_AfCi8b9L_O40iklFxEyyW21qBJXLVmNUE66InicCzFDgZA&oe=655BF198,https://www.facebook.com/freshiogelato/posts/pfbid028hFhRiJN7iKoemvp5GsSvo3q7r92Ax9AkzT5yVRFgLr16iNbsdoLtmRBDpRSXtQ2l?__cft__[0]=AZWB9tHR3bBenDR44lvucokE8CgSHxzl0eebq_NvJEVp1BQ8r_VG8YAZxdwiLQEd_hJ5mfOnk1eDM3diQK783_fPZvHT5VDLHV6UfY8nXi9i69m1QDkE9x80Bc9JJ4ABeQIs-oCpC6O8kmKKkXm5Dd39zaWz-qCr8oqVzmqX18dixFjPUjgqEFBnE5My08OXii7NUwd4INCWYK126BmjG9ZoILiPgOgx79ymtTVUctRwXA&__tn__=%2CO%2CP-R
